Sample Name/Number;Species Name;Collection Date (DD/MM/YYYY);Sample Station;Location;Latitude;Longitude;Determiner;Sex;Other Notes;Max Feret Diameter (max);Max Feret Diameter (mean);Max Feret Diameter (std. dev.);Perimeter (mean);Perimeter (std. dev.);Area (mean);Area(std. dev.);Holes (mean);Holes (std. dev.);Area+Holes (mean);Area+Holes (std. dev.);Exposure Time (µs);Framerate (FPS);Light Intensity (%);Aperture;Image Path;Operator Name;Date (DD/MM/YYYY HH:MM)
6_F1_0;PMR_ExStream22_Main_EPT;;C36;;1531,39 mg;;;Trichoptera;C36_T_ohne nur hinterleib;36;35;1;129;14;385;19;29;45;414;56;2000;50;100;8;\images\Expo_2000_Ap_8\PMR_ExStream22_Main_EPT\6_F1\6_F1_0;MSH;20.12.2023 09:17
6_F1_1;PMR_ExStream22_Main_EPT;;C36;;;;;Trichoptera;C36_T_ohne nur hinterleib;109;97;4;273;29;2109;182;26;26;2134;195;2000;50;100;8;\images\Expo_2000_Ap_8\PMR_ExStream22_Main_EPT\6_F1\6_F1_1;MSH;20.12.2023 09:17
6_F1_2;PMR_ExStream22_Main_EPT;;C36;;;;;Trichoptera;C36_T_ohne nur hinterleib;90;78;7;216;20;1697;160;3;4;1700;161;2000;50;100;8;\images\Expo_2000_Ap_8\PMR_ExStream22_Main_EPT\6_F1\6_F1_2;MSH;20.12.2023 09:18
6_F2_1;PMR_ExStream22_Main_EPT;;C36;;1526,69 mg;;;Trichoptera;C36_T_mit;395;313;69;818;148;20439;4390;10;23;20449;4383;2000;50;100;8;\images\Expo_2000_Ap_8\PMR_ExStream22_Main_EPT\6_F2\6_F2_1;MSH;20.12.2023 09:19
6_F2_2;PMR_ExStream22_Main_EPT;;C36;;;;;Trichoptera;C36_T_mit;374;306;63;775;132;19812;3297;8;15;19821;3294;2000;50;100;8;\images\Expo_2000_Ap_8\PMR_ExStream22_Main_EPT\6_F2\6_F2_2;MSH;20.12.2023 09:19
6_F2_3;PMR_ExStream22_Main_EPT;;C36;;;;;Trichoptera;C36_T_mit;365;304;42;809;71;21733;1511;11;14;21745;1511;2000;50;100;8;\images\Expo_2000_Ap_8\PMR_ExStream22_Main_EPT\6_F2\6_F2_3;MSH;20.12.2023 09:20
6_F3_1;PMR_ExStream22_Main_EPT;;C36;;1528,49 mg;;;Trichoptera;C36_E_ nur kopf;216;171;40;708;206;7037;1518;39;43;7076;1550;2000;50;100;8;\images\Expo_2000_Ap_8\PMR_ExStream22_Main_EPT\6_F3\6_F3_1;MSH;20.12.2023 09:21
6_F3_2;PMR_ExStream22_Main_EPT;;C36;;;;;Trichoptera;C36_E_ nur kopf;189;154;32;592;122;6991;523;28;24;7020;539;2000;50;100;8;\images\Expo_2000_Ap_8\PMR_ExStream22_Main_EPT\6_F3\6_F3_2;MSH;20.12.2023 09:21
6_F4_1;PMR_ExStream22_Main_EPT;;C37;;1524,77 mg;;;Trichoptera;C37_T_ohne;334;324;9;903;76;15961;670;29;27;15989;679;2000;50;100;8;\images\Expo_2000_Ap_8\PMR_ExStream22_Main_EPT\6_F4\6_F4_1;MSH;20.12.2023 09:27
6_F4_2;PMR_ExStream22_Main_EPT;;C37;;;;;Trichoptera;C37_T_ohne;290;216;68;762;219;13041;2714;52;29;13093;2734;2000;50;100;8;\images\Expo_2000_Ap_8\PMR_ExStream22_Main_EPT\6_F4\6_F4_2;MSH;20.12.2023 09:27
6_F5_1;PMR_ExStream22_Main_EPT;;C37;;1532,82 mg;;;Trichoptera;C37_T_ohne;590;572;10;1382;45;42964;766;327;51;43291;803;2000;50;100;8;\images\Expo_2000_Ap_8\PMR_ExStream22_Main_EPT\6_F5\6_F5_1;MSH;20.12.2023 09:28
6_F5_2;PMR_ExStream22_Main_EPT;;C37;;;;;Trichoptera;C37_T_ohne;615;479;67;1316;174;38471;6462;301;174;38772;6602;2000;50;100;8;\images\Expo_2000_Ap_8\PMR_ExStream22_Main_EPT\6_F5\6_F5_2;MSH;20.12.2023 09:29
6_F6_1;PMR_ExStream22_Main_EPT;;C37;;1519,43 mg;;;Trichoptera;C37_T_ohne;302;252;29;751;37;10757;1068;17;20;10774;1069;2000;50;100;8;\images\Expo_2000_Ap_8\PMR_ExStream22_Main_EPT\6_F6\6_F6_1;MSH;20.12.2023 09:29
6_F6_2;PMR_ExStream22_Main_EPT;;C37;;;;;Trichoptera;C37_T_ohne;311;232;79;706;145;9925;3001;7;16;9932;3000;2000;50;100;8;\images\Expo_2000_Ap_8\PMR_ExStream22_Main_EPT\6_F6\6_F6_2;MSH;20.12.2023 09:30
6_F7_1;PMR_ExStream22_Main_EPT;;C37;;1525,69 mg;;;Trichoptera;C37_T_ohne;376;337;22;916;80;12623;1200;72;206;12695;1198;2000;50;100;8;\images\Expo_2000_Ap_8\PMR_ExStream22_Main_EPT\6_F7\6_F7_1;MSH;20.12.2023 09:31
6_F7_2;PMR_ExStream22_Main_EPT;;C37;;;;;Trichoptera;C37_T_ohne;416;328;85;896;183;11937;2743;44;69;11981;2733;2000;50;100;8;\images\Expo_2000_Ap_8\PMR_ExStream22_Main_EPT\6_F7\6_F7_2;MSH;20.12.2023 09:31
6_F8_1;PMR_ExStream22_Main_EPT;;C37;;1527,16 mg;;;Trichoptera;C37_T_ohne;223;197;22;607;40;6305;609;10;11;6315;610;2000;50;100;8;\images\Expo_2000_Ap_8\PMR_ExStream22_Main_EPT\6_F8\6_F8_1;MSH;20.12.2023 09:32
6_F8_2;PMR_ExStream22_Main_EPT;;C37;;;;;Trichoptera;C37_T_ohne;235;195;45;667;151;6610;1562;20;22;6631;1567;2000;50;100;8;\images\Expo_2000_Ap_8\PMR_ExStream22_Main_EPT\6_F8\6_F8_2;MSH;20.12.2023 09:32
6_F9_1;PMR_ExStream22_Main_EPT;;C37;;1521,21 mg;;;Trichoptera;C37_T_ohne;693;673;12;3524;361;92282;3854;2911;467;95193;4311;2000;50;100;8;\images\Expo_2000_Ap_8\PMR_ExStream22_Main_EPT\6_F9\6_F9_1;MSH;20.12.2023 09:33
6_F9_2;PMR_ExStream22_Main_EPT;;C37;;;;;Trichoptera;C37_T_ohne;752;724;18;3026;177;96130;4965;1872;1221;98002;5999;2000;50;100;8;\images\Expo_2000_Ap_8\PMR_ExStream22_Main_EPT\6_F9\6_F9_2;MSH;20.12.2023 09:34
6_F10_1;PMR_ExStream22_Main_EPT;;C37;;1528,21 mg;;;Trichoptera;C37_T_ohne;816;797;15;3213;318;113376;3331;1120;442;114496;3663;2000;50;100;8;\images\Expo_2000_Ap_8\PMR_ExStream22_Main_EPT\6_F10\6_F10_1;MSH;20.12.2023 09:34
6_F10_2;PMR_ExStream22_Main_EPT;;C37;;;;;Trichoptera;C37_T_ohne;828;805;16;3368;209;108696;3112;498;476;109194;3001;2000;50;100;8;\images\Expo_2000_Ap_8\PMR_ExStream22_Main_EPT\6_F10\6_F10_2;MSH;20.12.2023 09:35
6_F10_3;PMR_ExStream22_Main_EPT;;C37;;;;;Trichoptera;C37_T_ohne;803;754;34;3221;68;106589;1810;431;162;107020;1868;2000;50;100;8;\images\Expo_2000_Ap_8\PMR_ExStream22_Main_EPT\6_F10\6_F10_3;MSH;20.12.2023 09:36
6_F11_1;PMR_ExStream22_Main_EPT;;C37;;1521,15 mg;;;Trichoptera;C37_T_ohne;769;751;12;2154;143;109808;4427;175;223;109982;4557;2000;50;100;8;\images\Expo_2000_Ap_8\PMR_ExStream22_Main_EPT\6_F11\6_F11_1;MSH;20.12.2023 09:36
6_F11_2;PMR_ExStream22_Main_EPT;;C37;;;;;Trichoptera;C37_T_ohne;789;751;25;2133;112;110604;4940;132;69;110736;4882;2000;50;100;8;\images\Expo_2000_Ap_8\PMR_ExStream22_Main_EPT\6_F11\6_F11_2;MSH;20.12.2023 09:37
6_F11_3;PMR_ExStream22_Main_EPT;;C37;;;;;Trichoptera;C37_T_ohne;813;789;16;2323;83;116874;2566;216;247;117091;2797;2000;50;100;8;\images\Expo_2000_Ap_8\PMR_ExStream22_Main_EPT\6_F11\6_F11_3;MSH;20.12.2023 09:37
6_F11_4;PMR_ExStream22_Main_EPT;;C37;;;;;Trichoptera;C37_T_ohne;781;766;10;2283;175;111878;5151;66;81;111944;5201;2000;50;100;8;\images\Expo_2000_Ap_8\PMR_ExStream22_Main_EPT\6_F11\6_F11_4;MSH;20.12.2023 09:37
6_F12_1;PMR_ExStream22_Main_EPT;;C37;;1524,03 mg;;;Trichoptera;C37_T_ohne;754;732;17;1964;66;111051;653;49;18;111100;665;2000;50;100;8;\images\Expo_2000_Ap_8\PMR_ExStream22_Main_EPT\6_F12\6_F12_1;MSH;20.12.2023 09:38
6_F12_2;PMR_ExStream22_Main_EPT;;C37;;;;;Trichoptera;C37_T_ohne;761;754;6;2052;25;116230;8164;22;9;116252;8159;2000;50;100;8;\images\Expo_2000_Ap_8\PMR_ExStream22_Main_EPT\6_F12\6_F12_2;MSH;20.12.2023 09:39
6_F12_3;PMR_ExStream22_Main_EPT;;C37;;;;;Trichoptera;C37_T_ohne;735;715;12;2030;99;108231;1596;168;218;108398;1732;2000;50;100;8;\images\Expo_2000_Ap_8\PMR_ExStream22_Main_EPT\6_F12\6_F12_3;MSH;20.12.2023 09:39
6_F12_4;PMR_ExStream22_Main_EPT;;C37;;;;;Trichoptera;C37_T_ohne;768;747;12;2085;75;112696;3318;235;169;112930;3469;2000;50;100;8;\images\Expo_2000_Ap_8\PMR_ExStream22_Main_EPT\6_F12\6_F12_4;MSH;20.12.2023 09:39
6_G1_1;PMR_ExStream22_Main_EPT;;C37;;1520,86 mg;;;Trichoptera;C37_T_ohne;933;914;18;2718;95;138805;4561;431;566;139236;5125;2000;50;100;8;\images\Expo_2000_Ap_8\PMR_ExStream22_Main_EPT\6_G1\6_G1_1;MSH;20.12.2023 09:40
6_G1_2;PMR_ExStream22_Main_EPT;;C37;;;;;Trichoptera;C37_T_ohne;934;925;13;2623;638;139622;11163;26;5;139647;11158;2000;50;100;8;\images\Expo_2000_Ap_8\PMR_ExStream22_Main_EPT\6_G1\6_G1_2;MSH;20.12.2023 09:41
6_G1_3;PMR_ExStream22_Main_EPT;;C37;;;;;Trichoptera;C37_T_ohne;912;898;24;2608;327;136265;5129;22;10;136287;5139;2000;50;100;8;\images\Expo_2000_Ap_8\PMR_ExStream22_Main_EPT\6_G1\6_G1_3;MSH;20.12.2023 09:41
6_G1_4;PMR_ExStream22_Main_EPT;;C37;;;;;Trichoptera;C37_T_ohne;925;901;22;2574;434;138060;11327;707;610;138766;11908;2000;50;100;8;\images\Expo_2000_Ap_8\PMR_ExStream22_Main_EPT\6_G1\6_G1_4;MSH;20.12.2023 09:42
6_G1_5;PMR_ExStream22_Main_EPT;;C37;;;;;Trichoptera;C37_T_ohne;910;901;10;2474;375;135764;6845;516;636;136281;7480;2000;50;100;8;\images\Expo_2000_Ap_8\PMR_ExStream22_Main_EPT\6_G1\6_G1_5;MSH;20.12.2023 09:42
6_G1_6;PMR_ExStream22_Main_EPT;;C37;;;;;Trichoptera;C37_T_ohne;951;929;18;2768;213;137464;354;42;33;137506;382;2000;50;100;8;\images\Expo_2000_Ap_8\PMR_ExStream22_Main_EPT\6_G1\6_G1_6;MSH;20.12.2023 09:42
6_G1_7;PMR_ExStream22_Main_EPT;;C37;;;;;Trichoptera;C37_T_ohne;926;884;30;2585;121;133837;1226;639;559;134476;1517;2000;50;100;8;\images\Expo_2000_Ap_8\PMR_ExStream22_Main_EPT\6_G1\6_G1_7;MSH;20.12.2023 09:43
6_G1_8;PMR_ExStream22_Main_EPT;;C37;;;;;Trichoptera;C37_T_ohne;952;927;18;2526;274;141417;1497;276;107;141694;1603;2000;50;100;8;\images\Expo_2000_Ap_8\PMR_ExStream22_Main_EPT\6_G1\6_G1_8;MSH;20.12.2023 09:43
6_G2_1;PMR_ExStream22_Main_EPT;;C37;;1523,95 mg;;;Trichoptera;C37_T_ohne;1023;998;33;2934;110;153875;5814;3171;2709;157046;8515;2000;50;100;8;\images\Expo_2000_Ap_8\PMR_ExStream22_Main_EPT\6_G2\6_G2_1;MSH;20.12.2023 09:44
6_G2_2;PMR_ExStream22_Main_EPT;;C37;;;;;Trichoptera;C37_T_ohne;1030;1016;16;3249;344;154722;7482;168;18;154889;7496;2000;50;100;8;\images\Expo_2000_Ap_8\PMR_ExStream22_Main_EPT\6_G2\6_G2_2;MSH;20.12.2023 09:45
6_G2_3;PMR_ExStream22_Main_EPT;;C37;;;;;Trichoptera;C37_T_ohne;1023;1003;32;3202;92;153355;7780;1866;532;155221;8230;2000;50;100;8;\images\Expo_2000_Ap_8\PMR_ExStream22_Main_EPT\6_G2\6_G2_3;MSH;20.12.2023 09:46
6_G2_4;PMR_ExStream22_Main_EPT;;C37;;;;;Trichoptera;C37_T_ohne;992;972;17;3051;26;151652;1600;603;538;152255;1071;2000;50;100;8;\images\Expo_2000_Ap_8\PMR_ExStream22_Main_EPT\6_G2\6_G2_4;MSH;20.12.2023 09:47
6_G2_5;PMR_ExStream22_Main_EPT;;C37;;;;;Trichoptera;C37_T_ohne;1021;979;37;3177;260;150270;7670;2159;670;152429;8289;2000;50;100;8;\images\Expo_2000_Ap_8\PMR_ExStream22_Main_EPT\6_G2\6_G2_5;MSH;20.12.2023 09:47
6_G2_6;PMR_ExStream22_Main_EPT;;C37;;;;;Trichoptera;C37_T_ohne;998;982;14;3159;349;153447;2145;174;219;153621;1928;2000;50;100;8;\images\Expo_2000_Ap_8\PMR_ExStream22_Main_EPT\6_G2\6_G2_6;MSH;20.12.2023 09:48
6_G2_7;PMR_ExStream22_Main_EPT;;C37;;;;;Trichoptera;C37_T_ohne;1035;1002;30;3017;18;152236;7287;2505;1803;154741;9089;2000;50;100;8;\images\Expo_2000_Ap_8\PMR_ExStream22_Main_EPT\6_G2\6_G2_7;MSH;20.12.2023 09:48
6_G2_8;PMR_ExStream22_Main_EPT;;C37;;;;;Trichoptera;C37_T_ohne;989;981;11;3052;378;151549;378;402;506;151952;128;2000;50;100;8;\images\Expo_2000_Ap_8\PMR_ExStream22_Main_EPT\6_G2\6_G2_8;MSH;20.12.2023 09:49
6_G2_9;PMR_ExStream22_Main_EPT;;C37;;;;;Trichoptera;C37_T_ohne;1003;997;9;2969;9;150759;102;393;412;151152;310;2000;50;100;8;\images\Expo_2000_Ap_8\PMR_ExStream22_Main_EPT\6_G2\6_G2_9;MSH;20.12.2023 09:49
6_G2_10;PMR_ExStream22_Main_EPT;;C37;;;;;Trichoptera;C37_T_ohne;1008;1008;2147483647;3134;2147483647;150833;2147483647;799;2147483647;151632;2147483647;2000;50;100;8;\images\Expo_2000_Ap_8\PMR_ExStream22_Main_EPT\6_G2\6_G2_10;MSH;20.12.2023 09:49
6_G3_1;PMR_ExStream22_Main_EPT;;C37;;1519,78 mg;;;Trichoptera;C37_T_ohne;1058;1058;2147483647;4054;2147483647;177018;2147483647;18;2147483647;177036;2147483647;2000;50;100;8;\images\Expo_2000_Ap_8\PMR_ExStream22_Main_EPT\6_G3\6_G3_1;MSH;20.12.2023 09:52
6_G3_2;PMR_ExStream22_Main_EPT;;C37;;;;;Trichoptera;C37_T_ohne;1052;1052;2147483647;4084;2147483647;173564;2147483647;57;2147483647;173621;2147483647;2000;50;100;8;\images\Expo_2000_Ap_8\PMR_ExStream22_Main_EPT\6_G3\6_G3_2;MSH;20.12.2023 09:53
6_G3_3;PMR_ExStream22_Main_EPT;;C37;;;;;Trichoptera;C37_T_ohne;1048;1048;2147483647;4003;2147483647;186114;2147483647;82;2147483647;186196;2147483647;2000;50;100;8;\images\Expo_2000_Ap_8\PMR_ExStream22_Main_EPT\6_G3\6_G3_3;MSH;20.12.2023 09:53
6_G3_4;PMR_ExStream22_Main_EPT;;C37;;;;;Trichoptera;C37_T_ohne;1032;1027;7;3196;20;178221;52;1727;139;179948;191;2000;50;100;8;\images\Expo_2000_Ap_8\PMR_ExStream22_Main_EPT\6_G3\6_G3_4;MSH;20.12.2023 09:54
6_G3_5;PMR_ExStream22_Main_EPT;;C37;;;;;Trichoptera;C37_T_ohne;1049;1015;31;3811;92;179004;7408;734;874;179738;8282;2000;50;100;8;\images\Expo_2000_Ap_8\PMR_ExStream22_Main_EPT\6_G3\6_G3_5;MSH;20.12.2023 09:55
6_G3_6;PMR_ExStream22_Main_EPT;;C37;;;;;Trichoptera;C37_T_ohne;1064;1064;2147483647;3513;2147483647;184727;2147483647;3635;2147483647;188362;2147483647;2000;50;100;8;\images\Expo_2000_Ap_8\PMR_ExStream22_Main_EPT\6_G3\6_G3_6;MSH;20.12.2023 09:55
6_G3_7;PMR_ExStream22_Main_EPT;;C37;;;;;Trichoptera;C37_T_ohne;1056;1032;15;3571;448;180168;4921;1137;959;181305;3968;2000;50;100;8;\images\Expo_2000_Ap_8\PMR_ExStream22_Main_EPT\6_G3\6_G3_7;MSH;20.12.2023 09:56
6_G3_8;PMR_ExStream22_Main_EPT;;C37;;;;;Trichoptera;C37_T_ohne;1029;1029;2147483647;3580;2147483647;178736;2147483647;1168;2147483647;179904;2147483647;2000;50;100;8;\images\Expo_2000_Ap_8\PMR_ExStream22_Main_EPT\6_G3\6_G3_8;MSH;20.12.2023 09:56
6_G3_9;PMR_ExStream22_Main_EPT;;C37;;;;;Trichoptera;C37_T_ohne;1069;1046;18;3604;442;180797;4900;977;870;181774;4031;2000;50;100;8;\images\Expo_2000_Ap_8\PMR_ExStream22_Main_EPT\6_G3\6_G3_9;MSH;20.12.2023 09:57
6_G3_10;PMR_ExStream22_Main_EPT;;C37;;;;;Trichoptera;C37_T_ohne;1038;1038;2147483647;3617;2147483647;178723;2147483647;1203;2147483647;179926;2147483647;2000;50;100;8;\images\Expo_2000_Ap_8\PMR_ExStream22_Main_EPT\6_G3\6_G3_10;MSH;20.12.2023 09:57
6_G4_1;PMR_ExStream22_Main_EPT;;C37;;1525,82 mg;;;Trichoptera;C37_T_ohne;1017;1001;15;3761;40;158849;5677;1102;1026;159951;5194;2000;50;100;8;\images\Expo_2000_Ap_8\PMR_ExStream22_Main_EPT\6_G4\6_G4_1;MSH;20.12.2023 09:58
6_G4_2;PMR_ExStream22_Main_EPT;;C37;;;;;Trichoptera;C37_T_ohne;997;987;11;3565;136;158044;5716;710;538;158755;5212;2000;50;100;8;\images\Expo_2000_Ap_8\PMR_ExStream22_Main_EPT\6_G4\6_G4_2;MSH;20.12.2023 09:59
6_G4_3;PMR_ExStream22_Main_EPT;;C37;;;;;Trichoptera;C37_T_ohne;993;989;6;3576;412;158864;7590;660;780;159524;6810;2000;50;100;8;\images\Expo_2000_Ap_8\PMR_ExStream22_Main_EPT\6_G4\6_G4_3;MSH;20.12.2023 10:00
6_G4_4;PMR_ExStream22_Main_EPT;;C37;;;;;Trichoptera;C37_T_ohne;1037;1002;50;3513;10;160234;7637;1550;257;161784;7380;2000;50;100;8;\images\Expo_2000_Ap_8\PMR_ExStream22_Main_EPT\6_G4\6_G4_4;MSH;20.12.2023 10:00
6_G4_5;PMR_ExStream22_Main_EPT;;C37;;;;;Trichoptera;C37_T_ohne;1015;991;27;3328;205;157266;5857;1706;1809;158972;4049;2000;50;100;8;\images\Expo_2000_Ap_8\PMR_ExStream22_Main_EPT\6_G4\6_G4_5;MSH;20.12.2023 10:01
6_G4_6;PMR_ExStream22_Main_EPT;;C37;;;;;Trichoptera;C37_T_ohne;1021;1013;10;3622;298;160881;7040;632;811;161514;6229;2000;50;100;8;\images\Expo_2000_Ap_8\PMR_ExStream22_Main_EPT\6_G4\6_G4_6;MSH;20.12.2023 10:01
6_G4_7;PMR_ExStream22_Main_EPT;;C37;;;;;Trichoptera;C37_T_ohne;1043;996;43;3430;72;158263;6665;1947;503;160210;6170;2000;50;100;8;\images\Expo_2000_Ap_8\PMR_ExStream22_Main_EPT\6_G4\6_G4_7;MSH;20.12.2023 10:01
6_G4_8;PMR_ExStream22_Main_EPT;;C37;;;;;Trichoptera;C37_T_ohne;1021;981;27;3450;122;156086;4015;1836;1938;157921;5952;2000;50;100;8;\images\Expo_2000_Ap_8\PMR_ExStream22_Main_EPT\6_G4\6_G4_8;MSH;20.12.2023 10:02
6_G4_9;PMR_ExStream22_Main_EPT;;C37;;;;;Trichoptera;C37_T_ohne;984;978;9;3601;239;158322;3516;573;908;158895;2608;2000;50;100;8;\images\Expo_2000_Ap_8\PMR_ExStream22_Main_EPT\6_G4\6_G4_9;MSH;20.12.2023 10:02
6_G4_10;PMR_ExStream22_Main_EPT;;C37;;;;;Trichoptera;C37_T_ohne;1010;980;29;3356;82;156528;6454;2248;1137;158777;7491;2000;50;100;8;\images\Expo_2000_Ap_8\PMR_ExStream22_Main_EPT\6_G4\6_G4_10;MSH;20.12.2023 10:03
6_G5_1;PMR_ExStream22_Main_EPT;;C37;;1522,40 mg;;;Trichoptera;C37_T_ohne;869;850;19;2164;86;140928;7965;60;43;140988;8007;2000;50;100;8;\images\Expo_2000_Ap_8\PMR_ExStream22_Main_EPT\6_G5\6_G5_1;MSH;20.12.2023 10:04
6_G5_2;PMR_ExStream22_Main_EPT;;C37;;;;;Trichoptera;C37_T_ohne;831;799;22;2176;64;132646;5177;54;22;132700;5188;2000;50;100;8;\images\Expo_2000_Ap_8\PMR_ExStream22_Main_EPT\6_G5\6_G5_2;MSH;20.12.2023 10:04
6_G5_3;PMR_ExStream22_Main_EPT;;C37;;;;;Trichoptera;C37_T_ohne;870;850;21;2179;74;141425;1563;844;872;142269;748;2000;50;100;8;\images\Expo_2000_Ap_8\PMR_ExStream22_Main_EPT\6_G5\6_G5_3;MSH;20.12.2023 10:05
6_G5_4;PMR_ExStream22_Main_EPT;;C37;;;;;Trichoptera;C37_T_ohne;839;829;6;2156;82;139816;7654;128;139;139944;7792;2000;50;100;8;\images\Expo_2000_Ap_8\PMR_ExStream22_Main_EPT\6_G5\6_G5_4;MSH;20.12.2023 10:05
6_G5_5;PMR_ExStream22_Main_EPT;;C37;;;;;Trichoptera;C37_T_ohne;853;837;14;2273;35;141972;1759;317;264;142290;2022;2000;50;100;8;\images\Expo_2000_Ap_8\PMR_ExStream22_Main_EPT\6_G5\6_G5_5;MSH;20.12.2023 10:06
6_G5_6;PMR_ExStream22_Main_EPT;;C37;;;;;Trichoptera;C37_T_ohne;829;806;20;2095;25;135026;3476;7;6;135034;3479;2000;50;100;8;\images\Expo_2000_Ap_8\PMR_ExStream22_Main_EPT\6_G5\6_G5_6;MSH;20.12.2023 10:06
6_G5_7;PMR_ExStream22_Main_EPT;;C37;;;;;Trichoptera;C37_T_ohne;859;806;49;2161;132;131925;6642;36;25;131961;6663;2000;50;100;8;\images\Expo_2000_Ap_8\PMR_ExStream22_Main_EPT\6_G5\6_G5_7;MSH;20.12.2023 10:06
6_G5_8;PMR_ExStream22_Main_EPT;;C37;;;;;Trichoptera;C37_T_ohne;852;837;21;2106;18;140951;301;128;165;141078;466;2000;50;100;8;\images\Expo_2000_Ap_8\PMR_ExStream22_Main_EPT\6_G5\6_G5_8;MSH;20.12.2023 10:06
6_G5_9;PMR_ExStream22_Main_EPT;;C37;;;;;Trichoptera;C37_T_ohne;835;835;2147483647;2242;2147483647;132755;2147483647;99;2147483647;132854;2147483647;2000;50;100;8;\images\Expo_2000_Ap_8\PMR_ExStream22_Main_EPT\6_G5\6_G5_9;MSH;20.12.2023 10:07
6_G5_10;PMR_ExStream22_Main_EPT;;C37;;;;;Trichoptera;C37_T_ohne;848;827;35;2262;229;136104;14440;354;379;136458;14812;2000;50;100;8;\images\Expo_2000_Ap_8\PMR_ExStream22_Main_EPT\6_G5\6_G5_10;MSH;20.12.2023 10:07
6_G6_1;PMR_ExStream22_Main_EPT;;C37;;1536,85 mg;;;Trichoptera;C37_T_mit;230;211;21;582;45;18253;1969;8;9;18261;1975;2000;50;100;8;\images\Expo_2000_Ap_8\PMR_ExStream22_Main_EPT\6_G6\6_G6_1;MSH;20.12.2023 10:08
6_G6_2;PMR_ExStream22_Main_EPT;;C37;;;;;Trichoptera;C37_T_mit;189;51;46;161;115;1799;3919;94;59;1892;3889;2000;50;100;8;\images\Expo_2000_Ap_8\PMR_ExStream22_Main_EPT\6_G6\6_G6_2;MSH;20.12.2023 10:08
6_G6_3;PMR_ExStream22_Main_EPT;;C37;;;;;Trichoptera;C37_T_mit;220;211;12;571;65;18144;4475;8;7;18152;4481;2000;50;100;8;\images\Expo_2000_Ap_8\PMR_ExStream22_Main_EPT\6_G6\6_G6_3;MSH;20.12.2023 10:10
6_G6_4;PMR_ExStream22_Main_EPT;;C37;;;;;Trichoptera;C37_T_mit;256;228;26;618;48;18781;1820;12;7;18793;1816;2000;50;100;8;\images\Expo_2000_Ap_8\PMR_ExStream22_Main_EPT\6_G6\6_G6_4;MSH;20.12.2023 10:10
6_G6_5;PMR_ExStream22_Main_EPT;;C37;;;;;Trichoptera;C37_T_mit;255;213;22;597;38;16325;2126;29;13;16354;2129;2000;50;100;8;\images\Expo_2000_Ap_8\PMR_ExStream22_Main_EPT\6_G6\6_G6_5;MSH;20.12.2023 10:10
6_G6_6;PMR_ExStream22_Main_EPT;;C37;;;;;Trichoptera;C37_T_mit;262;232;22;674;123;18776;2866;18;10;18794;2865;2000;50;100;8;\images\Expo_2000_Ap_8\PMR_ExStream22_Main_EPT\6_G6\6_G6_6;MSH;20.12.2023 10:10
6_G6_7;PMR_ExStream22_Main_EPT;;C37;;;;;Trichoptera;C37_T_mit;220;203;19;580;30;18301;2148;32;27;18333;2141;2000;50;100;8;\images\Expo_2000_Ap_8\PMR_ExStream22_Main_EPT\6_G6\6_G6_7;MSH;20.12.2023 10:11
6_G6_8;PMR_ExStream22_Main_EPT;;C37;;;;;Trichoptera;C37_T_mit;229;211;22;588;51;18674;1787;12;9;18686;1778;2000;50;100;8;\images\Expo_2000_Ap_8\PMR_ExStream22_Main_EPT\6_G6\6_G6_8;MSH;20.12.2023 10:11
6_G6_9;PMR_ExStream22_Main_EPT;;C37;;;;;Trichoptera;C37_T_mit;244;222;19;636;56;19032;1974;42;86;19074;1987;2000;50;100;8;\images\Expo_2000_Ap_8\PMR_ExStream22_Main_EPT\6_G6\6_G6_9;MSH;20.12.2023 10:12
6_G7_1;PMR_ExStream22_Main_EPT;;C37;;1520,61 mg;;;Trichoptera;C37_T_mit;298;241;66;645;188;20340;8140;1;1;20340;8141;2000;50;100;8;\images\Expo_2000_Ap_8\PMR_ExStream22_Main_EPT\6_G7\6_G7_1;MSH;20.12.2023 10:12
6_G7_2;PMR_ExStream22_Main_EPT;;C37;;;;;Trichoptera;C37_T_mit;296;252;33;691;110;22500;5577;4;4;22504;5580;2000;50;100;8;\images\Expo_2000_Ap_8\PMR_ExStream22_Main_EPT\6_G7\6_G7_2;MSH;20.12.2023 10:13
6_G7_3;PMR_ExStream22_Main_EPT;;C37;;;;;Trichoptera;C37_T_mit;297;295;3;756;86;23838;7011;11;0;23848;7011;2000;50;100;8;\images\Expo_2000_Ap_8\PMR_ExStream22_Main_EPT\6_G7\6_G7_3;MSH;20.12.2023 10:13
6_G7_4;PMR_ExStream22_Main_EPT;;C37;;;;;Trichoptera;C37_T_mit;303;287;22;743;78;24077;3829;7;6;24084;3834;2000;50;100;8;\images\Expo_2000_Ap_8\PMR_ExStream22_Main_EPT\6_G7\6_G7_4;MSH;20.12.2023 10:13
6_G7_5;PMR_ExStream22_Main_EPT;;C37;;;;;Trichoptera;C37_T_mit;257;233;32;666;71;21596;2936;2;2;21598;2935;2000;50;100;8;\images\Expo_2000_Ap_8\PMR_ExStream22_Main_EPT\6_G7\6_G7_5;MSH;20.12.2023 10:13
6_G7_6;PMR_ExStream22_Main_EPT;;C37;;;;;Trichoptera;C37_T_mit;287;235;67;617;145;17975;5133;43;89;18018;5181;2000;50;100;8;\images\Expo_2000_Ap_8\PMR_ExStream22_Main_EPT\6_G7\6_G7_6;MSH;20.12.2023 10:14
6_G7_7;PMR_ExStream22_Main_EPT;;C37;;;;;Trichoptera;C37_T_mit;294;236;56;620;90;18679;2917;3;2;18682;2917;2000;50;100;8;\images\Expo_2000_Ap_8\PMR_ExStream22_Main_EPT\6_G7\6_G7_7;MSH;20.12.2023 10:14
6_G7_8;PMR_ExStream22_Main_EPT;;C37;;;;;Trichoptera;C37_T_mit;295;295;2147483647;798;2147483647;26933;2147483647;1;2147483647;26934;2147483647;2000;50;100;8;\images\Expo_2000_Ap_8\PMR_ExStream22_Main_EPT\6_G7\6_G7_8;MSH;20.12.2023 10:15
6_G7_9;PMR_ExStream22_Main_EPT;;C37;;;;;Trichoptera;C37_T_mit;300;278;19;724;105;23201;6983;5;3;23206;6986;2000;50;100;8;\images\Expo_2000_Ap_8\PMR_ExStream22_Main_EPT\6_G7\6_G7_9;MSH;20.12.2023 10:15
6_G7_10;PMR_ExStream22_Main_EPT;;C37;;;;;Trichoptera;C37_T_mit;286;255;30;676;52;21155;2483;1;1;21156;2483;2000;50;100;8;\images\Expo_2000_Ap_8\PMR_ExStream22_Main_EPT\6_G7\6_G7_10;MSH;20.12.2023 10:15
6_G8_1;PMR_ExStream22_Main_EPT;;C37;;1517,82 mg;;;Ephemeroptera;C37_E;507;494;12;1683;315;29497;2525;58;70;29555;2531;2000;50;100;8;\images\Expo_2000_Ap_8\PMR_ExStream22_Main_EPT\6_G8\6_G8_1;MSH;20.12.2023 10:16
6_G8_2;PMR_ExStream22_Main_EPT;;C37;;;;;Ephemeroptera;C37_E;506;481;26;1470;320;26991;3594;76;128;27067;3665;2000;50;100;8;\images\Expo_2000_Ap_8\PMR_ExStream22_Main_EPT\6_G8\6_G8_2;MSH;20.12.2023 10:16
6_G9_1;PMR_ExStream22_Main_EPT;;C37;;1525,14 mg;;;Ephemeroptera;C37_E;442;376;64;1662;116;23821;375;501;549;24322;674;2000;50;100;8;\images\Expo_2000_Ap_8\PMR_ExStream22_Main_EPT\6_G9\6_G9_1;MSH;20.12.2023 10:19
6_G9_2;PMR_ExStream22_Main_EPT;;C37;;;;;Ephemeroptera;C37_E;437;374;46;1522;240;23434;5073;473;617;23907;5466;2000;50;100;8;\images\Expo_2000_Ap_8\PMR_ExStream22_Main_EPT\6_G9\6_G9_2;MSH;20.12.2023 10:20
6_G10_1;PMR_ExStream22_Main_EPT;;C37;;1530,25 mg;;;Ephemeroptera;C37_E;404;361;37;984;105;17219;2077;150;199;17370;2201;2000;50;100;8;\images\Expo_2000_Ap_8\PMR_ExStream22_Main_EPT\6_G10\6_G10_1;MSH;20.12.2023 10:21
6_G10_2;PMR_ExStream22_Main_EPT;;C37;;;;;Ephemeroptera;C37_E;460;425;21;1161;80;19817;404;28;22;19845;415;2000;50;100;8;\images\Expo_2000_Ap_8\PMR_ExStream22_Main_EPT\6_G10\6_G10_2;MSH;20.12.2023 10:21
6_G11_1;PMR_ExStream22_Main_EPT;;C38;;1525,08 mg;;;Trichoptera;C38_T_ohne;738;720;16;2245;178;88580;2117;157;62;88737;2103;2000;50;100;8;\images\Expo_2000_Ap_8\PMR_ExStream22_Main_EPT\6_G11\6_G11_1;MSH;20.12.2023 10:30
6_G11_2;PMR_ExStream22_Main_EPT;;C38;;;;;Trichoptera;C38_T_ohne;735;703;14;2317;84;85231;3450;209;156;85440;3368;2000;50;100;8;\images\Expo_2000_Ap_8\PMR_ExStream22_Main_EPT\6_G11\6_G11_2;MSH;20.12.2023 10:30
6_G11_3;PMR_ExStream22_Main_EPT;;C38;;;;;Trichoptera;C38_T_ohne;738;717;17;2330;92;86808;2834;437;465;87246;2832;2000;50;100;8;\images\Expo_2000_Ap_8\PMR_ExStream22_Main_EPT\6_G11\6_G11_3;MSH;20.12.2023 10:30
6_G12_1;PMR_ExStream22_Main_EPT;;C38;;1521,09 mg;;;Trichoptera;C38_T_ohne;441;349;87;1334;320;24179;5950;243;232;24422;6168;2000;50;100;8;\images\Expo_2000_Ap_8\PMR_ExStream22_Main_EPT\6_G12\6_G12_1;MSH;20.12.2023 10:31
6_G12_2;PMR_ExStream22_Main_EPT;;C38;;;;;Trichoptera;C38_T_ohne;427;393;24;1394;79;26847;1468;244;189;27091;1579;2000;50;100;8;\images\Expo_2000_Ap_8\PMR_ExStream22_Main_EPT\6_G12\6_G12_2;MSH;20.12.2023 10:32
6_H1_1;PMR_ExStream22_Main_EPT;;C38;;1522,07 mg;;;Trichoptera;C38_E;679;567;74;1723;241;36778;3039;497;509;37275;2889;2000;50;100;8;\images\Expo_2000_Ap_8\PMR_ExStream22_Main_EPT\6_H1\6_H1_1;MSH;20.12.2023 10:32
6_H1_2;PMR_ExStream22_Main_EPT;;C38;;;;;Trichoptera;C38_E;464;418;23;1563;85;31064;3797;149;273;31213;3961;2000;50;100;8;\images\Expo_2000_Ap_8\PMR_ExStream22_Main_EPT\6_H1\6_H1_2;MSH;20.12.2023 10:33
6_H2_1;PMR_ExStream22_Main_EPT;;C39;;1520,42 mg;;;Trichoptera;C39_T_ohne;479;436;31;1605;123;36055;1937;582;433;36637;2121;2000;50;100;8;\images\Expo_2000_Ap_8\PMR_ExStream22_Main_EPT\6_H2\6_H2_1;MSH;20.12.2023 10:52
6_H2_2;PMR_ExStream22_Main_EPT;;C39;;;;;Trichoptera;C39_T_ohne;505;393;96;1262;447;30330;8417;402;439;30732;8794;2000;50;100;8;\images\Expo_2000_Ap_8\PMR_ExStream22_Main_EPT\6_H2\6_H2_2;MSH;20.12.2023 10:53
6_H3_1;PMR_ExStream22_Main_EPT;;C39;;1529,83 mg;;;Trichoptera;C39_T_ohne;283;241;16;665;28;9499;1307;7;9;9506;1309;2000;50;100;8;\images\Expo_2000_Ap_8\PMR_ExStream22_Main_EPT\6_H3\6_H3_1;MSH;20.12.2023 10:53
6_H3_2;PMR_ExStream22_Main_EPT;;C39;;;;;Trichoptera;C39_T_ohne;294;224;70;592;138;8525;2594;23;30;8548;2615;2000;50;100;8;\images\Expo_2000_Ap_8\PMR_ExStream22_Main_EPT\6_H3\6_H3_2;MSH;20.12.2023 10:54
6_H4_1;PMR_ExStream22_Main_EPT;;C39;;1528,80 mg;;;Trichoptera;C39_T_ohne;168;160;7;409;31;3683;129;20;13;3702;126;2000;50;100;8;\images\Expo_2000_Ap_8\PMR_ExStream22_Main_EPT\6_H4\6_H4_1;MSH;20.12.2023 10:55
6_H4_2;PMR_ExStream22_Main_EPT;;C39;;;;;Trichoptera;C39_T_ohne;165;114;49;300;121;2526;1281;5;10;2531;1286;2000;50;100;8;\images\Expo_2000_Ap_8\PMR_ExStream22_Main_EPT\6_H4\6_H4_2;MSH;20.12.2023 10:55
6_H5_1;PMR_ExStream22_Main_EPT;;C39;;1527,90 mg;;;Trichoptera;C39_T_ohne;776;771;5;2456;41;109556;10406;82;83;109638;10334;2000;50;100;8;\images\Expo_2000_Ap_8\PMR_ExStream22_Main_EPT\6_H5\6_H5_1;MSH;20.12.2023 10:56
6_H5_2;PMR_ExStream22_Main_EPT;;C39;;;;;Trichoptera;C39_T_ohne;779;726;46;2278;46;104830;1317;92;106;104922;1317;2000;50;100;8;\images\Expo_2000_Ap_8\PMR_ExStream22_Main_EPT\6_H5\6_H5_2;MSH;20.12.2023 10:56
6_H5_3;PMR_ExStream22_Main_EPT;;C39;;;;;Trichoptera;C39_T_ohne;767;724;40;2241;102;104382;1014;133;157;104515;1035;2000;50;100;8;\images\Expo_2000_Ap_8\PMR_ExStream22_Main_EPT\6_H5\6_H5_3;MSH;20.12.2023 10:57
6_H5_4;PMR_ExStream22_Main_EPT;;C39;;;;;Trichoptera;C39_T_ohne;766;752;14;2258;183;105826;9562;35;34;105861;9540;2000;50;100;8;\images\Expo_2000_Ap_8\PMR_ExStream22_Main_EPT\6_H5\6_H5_4;MSH;20.12.2023 10:57
6_H5_5;PMR_ExStream22_Main_EPT;;C39;;;;;Trichoptera;C39_T_ohne;789;726;54;2300;90;104034;1043;140;157;104174;1002;2000;50;100;8;\images\Expo_2000_Ap_8\PMR_ExStream22_Main_EPT\6_H5\6_H5_5;MSH;20.12.2023 10:57
6_H6_1;PMR_ExStream22_Main_EPT;;C39;;1531,31 mg;;;Trichoptera;C39_T_ohne;1083;1083;2147483647;2980;2147483647;187219;2147483647;2055;2147483647;189274;2147483647;2000;50;100;8;\images\Expo_2000_Ap_8\PMR_ExStream22_Main_EPT\6_H6\6_H6_1;MSH;20.12.2023 10:59
6_H7_1;PMR_ExStream22_Main_EPT;;C39;;1523,32 mg;;;Trichoptera;C39_T_mit;529;150;186;406;472;14504;24425;128;72;14632;24368;2000;50;100;8;\images\Expo_2000_Ap_8\PMR_ExStream22_Main_EPT\6_H7\6_H7_1;MSH;20.12.2023 11:06
6_H7_2;PMR_ExStream22_Main_EPT;;C39;;;;;Trichoptera;C39_T_mit;516;222;247;563;599;27076;34578;29;18;27104;34574;2000;50;100;8;\images\Expo_2000_Ap_8\PMR_ExStream22_Main_EPT\6_H7\6_H7_2;MSH;20.12.2023 11:07
6_H7_3;PMR_ExStream22_Main_EPT;;C39;;;;;Trichoptera;C39_T_mit;474;401;76;1062;173;56435;12141;11;12;56446;12136;2000;50;100;8;\images\Expo_2000_Ap_8\PMR_ExStream22_Main_EPT\6_H7\6_H7_3;MSH;20.12.2023 11:07
6_H7_4;PMR_ExStream22_Main_EPT;;C39;;;;;Trichoptera;C39_T_mit;490;475;22;1184;50;60236;3909;13;7;60249;3902;2000;50;100;8;\images\Expo_2000_Ap_8\PMR_ExStream22_Main_EPT\6_H7\6_H7_4;MSH;20.12.2023 11:08
6_H7_5;PMR_ExStream22_Main_EPT;;C39;;;;;Trichoptera;C39_T_mit;517;493;23;1213;52;65046;6798;14;8;65059;6801;2000;50;100;8;\images\Expo_2000_Ap_8\PMR_ExStream22_Main_EPT\6_H7\6_H7_5;MSH;20.12.2023 11:08
6_H7_6;PMR_ExStream22_Main_EPT;;C39;;;;;Trichoptera;C39_T_mit;477;452;21;1260;208;58852;10560;256;303;59108;10863;2000;50;100;8;\images\Expo_2000_Ap_8\PMR_ExStream22_Main_EPT\6_H7\6_H7_6;MSH;20.12.2023 11:08
6_H7_7;PMR_ExStream22_Main_EPT;;C39;;;;;Trichoptera;C39_T_mit;38;37;1;106;7;548;75;0;0;548;75;2000;50;100;8;\images\Expo_2000_Ap_8\PMR_ExStream22_Main_EPT\6_H7\6_H7_7;MSH;20.12.2023 11:08
6_H7_8;PMR_ExStream22_Main_EPT;;C39;;;;;Trichoptera;C39_T_mit;517;474;43;1177;101;60620;5361;18;17;60638;5374;2000;50;100;8;\images\Expo_2000_Ap_8\PMR_ExStream22_Main_EPT\6_H7\6_H7_8;MSH;20.12.2023 11:09
6_H7_9;PMR_ExStream22_Main_EPT;;C39;;;;;Trichoptera;C39_T_mit;526;51;63;130;156;1803;8749;1;5;1803;8753;2000;50;100;8;\images\Expo_2000_Ap_8\PMR_ExStream22_Main_EPT\6_H7\6_H7_9;MSH;20.12.2023 11:10
6_H7_10;PMR_ExStream22_Main_EPT;;C39;;;;;Trichoptera;C39_T_mit;504;465;31;1204;94;63371;9146;112;244;63483;9294;2000;50;100;8;\images\Expo_2000_Ap_8\PMR_ExStream22_Main_EPT\6_H7\6_H7_10;MSH;20.12.2023 11:10
6_H7_12;PMR_ExStream22_Main_EPT;;C39;;;;;Trichoptera;C39_T_mit;510;49;76;124;197;2447;11297;0;3;2448;11299;2000;50;100;8;\images\Expo_2000_Ap_8\PMR_ExStream22_Main_EPT\6_H7\6_H7_12;MSH;20.12.2023 11:10
6_H8_1;PMR_ExStream22_Main_EPT;;C39;;1535,75 mg;;;Ephemeroptera;C39_E;459;367;82;1087;172;18269;2689;186;199;18455;2773;2000;50;100;8;\images\Expo_2000_Ap_8\PMR_ExStream22_Main_EPT\6_H8\6_H8_1;MSH;20.12.2023 11:12
6_H8_2;PMR_ExStream22_Main_EPT;;C39;;;;;Ephemeroptera;C39_E;448;365;94;932;202;18204;3988;214;164;18418;4054;2000;50;100;8;\images\Expo_2000_Ap_8\PMR_ExStream22_Main_EPT\6_H8\6_H8_2;MSH;20.12.2023 11:12
6_H9_1;PMR_ExStream22_Main_EPT;;C39;;1526,21 mg;;;Ephemeroptera;C39_E;222;178;25;604;129;6267;875;359;461;6626;1204;2000;50;100;8;\images\Expo_2000_Ap_8\PMR_ExStream22_Main_EPT\6_H9\6_H9_1;MSH;20.12.2023 11:14
6_H9_2;PMR_ExStream22_Main_EPT;;C39;;;;;Ephemeroptera;C39_E;237;228;4;897;73;8287;718;404;372;8691;1070;2000;50;100;8;\images\Expo_2000_Ap_8\PMR_ExStream22_Main_EPT\6_H9\6_H9_2;MSH;20.12.2023 11:15
6_H10_1;PMR_ExStream22_Main_EPT;;C39;;1516,91 mg;;;Plecoptera;C39_P;445;362;55;1214;156;10705;841;134;155;10839;801;2000;50;100;8;\images\Expo_2000_Ap_8\PMR_ExStream22_Main_EPT\6_H10\6_H10_1;MSH;20.12.2023 11:16
6_H10_2;PMR_ExStream22_Main_EPT;;C39;;;;;Plecoptera;C39_P;415;292;90;955;266;8764;2350;152;201;8917;2351;2000;50;100;8;\images\Expo_2000_Ap_8\PMR_ExStream22_Main_EPT\6_H10\6_H10_2;MSH;20.12.2023 11:16
6_H11_1;PMR_ExStream22_Main_EPT;;C40;;1527,69 mg;;;Trichoptera;C40_T_ohne;38;29;6;111;29;320;68;15;23;336;61;2000;50;100;8;\images\Expo_2000_Ap_8\PMR_ExStream22_Main_EPT\6_H11\6_H11_1;MSH;20.12.2023 11:22
6_H11_2;PMR_ExStream22_Main_EPT;;C40;;;;;Trichoptera;C40_T_ohne;319;234;83;657;144;12584;3472;8;17;12591;3469;2000;50;100;8;\images\Expo_2000_Ap_8\PMR_ExStream22_Main_EPT\6_H11\6_H11_2;MSH;20.12.2023 11:22
6_H11_3;PMR_ExStream22_Main_EPT;;C40;;;;;Trichoptera;C40_T_ohne;305;259;40;724;65;13171;1978;32;37;13203;1979;2000;50;100;8;\images\Expo_2000_Ap_8\PMR_ExStream22_Main_EPT\6_H11\6_H11_3;MSH;20.12.2023 11:23
6_H12_1;PMR_ExStream22_Main_EPT;;C40;;1512,25 mg;;;Trichoptera;C40_T_ohne;463;347;116;1408;392;24588;7512;196;224;24784;7672;2000;50;100;8;\images\Expo_2000_Ap_8\PMR_ExStream22_Main_EPT\6_H12\6_H12_1;MSH;20.12.2023 11:24
6_H12_2;PMR_ExStream22_Main_EPT;;C40;;;;;Trichoptera;C40_T_ohne;399;357;34;1415;128;25629;3157;399;266;26028;3365;2000;50;100;8;\images\Expo_2000_Ap_8\PMR_ExStream22_Main_EPT\6_H12\6_H12_2;MSH;20.12.2023 11:24
7_A1_1;PMR_ExStream22_Main_EPT;;C40;;1529,48 mg;;;Trichoptera;C40_T_ohne;265;251;6;807;28;10851;1335;119;42;10970;1296;2000;50;100;8;\images\Expo_2000_Ap_8\PMR_ExStream22_Main_EPT\7_A1\7_A1_1;MSH;20.12.2023 11:26
7_A1_2;PMR_ExStream22_Main_EPT;;C40;;;;;Trichoptera;C40_T_ohne;254;236;8;748;40;10617;624;39;46;10657;663;2000;50;100;8;\images\Expo_2000_Ap_8\PMR_ExStream22_Main_EPT\7_A1\7_A1_2;MSH;20.12.2023 11:26
7_A2_1;PMR_ExStream22_Main_EPT;;C40;;1528,53 mg;;;Trichoptera;C40_T_ohne;135;107;22;345;30;2792;478;2;3;2794;476;2000;50;100;8;\images\Expo_2000_Ap_8\PMR_ExStream22_Main_EPT\7_A2\7_A2_1;MSH;20.12.2023 11:27
7_A2_2;PMR_ExStream22_Main_EPT;;C40;;;;;Trichoptera;C40_T_ohne;140;101;30;312;64;2953;816;11;16;2964;816;2000;50;100;8;\images\Expo_2000_Ap_8\PMR_ExStream22_Main_EPT\7_A2\7_A2_2;MSH;20.12.2023 11:27
7_A3_1;PMR_ExStream22_Main_EPT;;C40;;1519,29 mg;;;Trichoptera;C40_T_ohne;1084;1037;43;3532;96;195525;6167;1571;919;197096;7086;2000;50;100;8;\images\Expo_2000_Ap_8\PMR_ExStream22_Main_EPT\7_A3\7_A3_1;MSH;20.12.2023 11:30
7_A3_2;PMR_ExStream22_Main_EPT;;C40;;;;;Trichoptera;C40_T_ohne;1025;1025;2147483647;3424;2147483647;193516;2147483647;2862;2147483647;196378;2147483647;2000;50;100;8;\images\Expo_2000_Ap_8\PMR_ExStream22_Main_EPT\7_A3\7_A3_2;MSH;20.12.2023 11:31
7_A3_3;PMR_ExStream22_Main_EPT;;C40;;;;;Trichoptera;C40_T_ohne;1022;1022;2147483647;3398;2147483647;189334;2147483647;64;2147483647;189398;2147483647;2000;50;100;8;\images\Expo_2000_Ap_8\PMR_ExStream22_Main_EPT\7_A3\7_A3_3;MSH;20.12.2023 11:34
7_A3_4;PMR_ExStream22_Main_EPT;;C40;;;;;Trichoptera;C40_T_ohne;1068;1068;2147483647;3598;2147483647;203222;2147483647;1651;2147483647;204873;2147483647;2000;50;100;8;\images\Expo_2000_Ap_8\PMR_ExStream22_Main_EPT\7_A3\7_A3_4;MSH;20.12.2023 11:35
7_A3_5;PMR_ExStream22_Main_EPT;;C40;;;;;Trichoptera;C40_T_ohne;1021;1021;2147483647;3329;2147483647;193351;2147483647;3368;2147483647;196719;2147483647;2000;50;100;8;\images\Expo_2000_Ap_8\PMR_ExStream22_Main_EPT\7_A3\7_A3_5;MSH;20.12.2023 11:35
7_A3_6;PMR_ExStream22_Main_EPT;;C40;;;;;Trichoptera;C40_T_ohne;1022;1022;2147483647;3145;2147483647;194795;2147483647;2320;2147483647;197115;2147483647;2000;50;100;8;\images\Expo_2000_Ap_8\PMR_ExStream22_Main_EPT\7_A3\7_A3_6;MSH;20.12.2023 11:36
7_A3_7;PMR_ExStream22_Main_EPT;;C40;;;;;Trichoptera;C40_T_ohne;1013;1013;2147483647;3214;2147483647;190357;2147483647;1522;2147483647;191879;2147483647;2000;50;100;8;\images\Expo_2000_Ap_8\PMR_ExStream22_Main_EPT\7_A3\7_A3_7;MSH;20.12.2023 11:36
7_A3_8;PMR_ExStream22_Main_EPT;;C40;;;;;Trichoptera;C40_T_ohne;1025;1025;2147483647;3299;2147483647;195869;2147483647;1711;2147483647;197580;2147483647;2000;50;100;8;\images\Expo_2000_Ap_8\PMR_ExStream22_Main_EPT\7_A3\7_A3_8;MSH;20.12.2023 11:37
7_A3_9;PMR_ExStream22_Main_EPT;;C40;;;;;Trichoptera;C40_T_ohne;1071;1028;37;3567;13;195214;5118;1169;532;196383;5650;2000;50;100;8;\images\Expo_2000_Ap_8\PMR_ExStream22_Main_EPT\7_A3\7_A3_9;MSH;20.12.2023 11:38
7_A3_10;PMR_ExStream22_Main_EPT;;C40;;;;;Trichoptera;C40_T_ohne;1043;1028;22;3129;189;198252;3073;2672;852;200924;2221;2000;50;100;8;\images\Expo_2000_Ap_8\PMR_ExStream22_Main_EPT\7_A3\7_A3_10;MSH;20.12.2023 11:38
7_A4_1;PMR_ExStream22_Main_EPT;;C40;;1526,06 mg;;;Trichoptera;C40_T_mit;208;182;26;473;90;13302;4961;1;1;13303;4961;2000;50;100;8;\images\Expo_2000_Ap_8\PMR_ExStream22_Main_EPT\7_A4\7_A4_1;MSH;20.12.2023 11:39
7_A4_2;PMR_ExStream22_Main_EPT;;C40;;;;;Trichoptera;C40_T_mit;204;180;25;461;73;13132;4024;1;1;13132;4023;2000;50;100;8;\images\Expo_2000_Ap_8\PMR_ExStream22_Main_EPT\7_A4\7_A4_2;MSH;20.12.2023 11:40
7_A4_3;PMR_ExStream22_Main_EPT;;C40;;;;;Trichoptera;C40_T_mit;198;177;20;475;73;11989;4070;5;4;11994;4069;2000;50;100;8;\images\Expo_2000_Ap_8\PMR_ExStream22_Main_EPT\7_A4\7_A4_3;MSH;20.12.2023 11:40
7_A4_4;PMR_ExStream22_Main_EPT;;C40;;;;;Trichoptera;C40_T_mit;209;174;33;434;71;11221;2532;1;1;11222;2532;2000;50;100;8;\images\Expo_2000_Ap_8\PMR_ExStream22_Main_EPT\7_A4\7_A4_4;MSH;20.12.2023 11:40
7_A4_5;PMR_ExStream22_Main_EPT;;C40;;;;;Trichoptera;C40_T_mit;200;177;21;486;36;14902;2050;19;36;14922;2035;2000;50;100;8;\images\Expo_2000_Ap_8\PMR_ExStream22_Main_EPT\7_A4\7_A4_5;MSH;20.12.2023 11:41
7_A4_6;PMR_ExStream22_Main_EPT;;C40;;;;;Trichoptera;C40_T_mit;197;189;7;518;44;16277;2978;0;1;16278;2979;2000;50;100;8;\images\Expo_2000_Ap_8\PMR_ExStream22_Main_EPT\7_A4\7_A4_6;MSH;20.12.2023 11:41
7_A4_7;PMR_ExStream22_Main_EPT;;C40;;;;;Trichoptera;C40_T_mit;208;202;9;522;57;15454;5238;2;1;15456;5239;2000;50;100;8;\images\Expo_2000_Ap_8\PMR_ExStream22_Main_EPT\7_A4\7_A4_7;MSH;20.12.2023 11:42
7_A4_8;PMR_ExStream22_Main_EPT;;C40;;;;;Trichoptera;C40_T_mit;202;185;29;523;101;17294;5220;0;1;17295;5219;2000;50;100;8;\images\Expo_2000_Ap_8\PMR_ExStream22_Main_EPT\7_A4\7_A4_8;MSH;20.12.2023 11:42
7_A4_9;PMR_ExStream22_Main_EPT;;C40;;;;;Trichoptera;C40_T_mit;208;184;28;487;113;14725;6575;3;3;14728;6577;2000;50;100;8;\images\Expo_2000_Ap_8\PMR_ExStream22_Main_EPT\7_A4\7_A4_9;MSH;20.12.2023 11:42
7_A5_1;PMR_ExStream22_Main_EPT;;C40;;1540,39 mg;;;Trichoptera;C40_T_mit;511;492;13;1539;51;74194;3772;267;141;74461;3797;2000;50;100;8;\images\Expo_2000_Ap_8\PMR_ExStream22_Main_EPT\7_A5\7_A5_1;MSH;20.12.2023 11:43
7_A5_2;PMR_ExStream22_Main_EPT;;C40;;;;;Trichoptera;C40_T_mit;655;601;30;1636;83;88744;12272;28;38;88772;12257;2000;50;100;8;\images\Expo_2000_Ap_8\PMR_ExStream22_Main_EPT\7_A5\7_A5_2;MSH;20.12.2023 11:43
7_A5_3;PMR_ExStream22_Main_EPT;;C40;;;;;Trichoptera;C40_T_mit;623;519;72;1532;119;71435;6801;50;28;71485;6805;2000;50;100;8;\images\Expo_2000_Ap_8\PMR_ExStream22_Main_EPT\7_A5\7_A5_3;MSH;20.12.2023 11:44
7_A5_4;PMR_ExStream22_Main_EPT;;C40;;;;;Trichoptera;C40_T_mit;596;535;40;1652;122;75537;4949;206;125;75743;4886;2000;50;100;8;\images\Expo_2000_Ap_8\PMR_ExStream22_Main_EPT\7_A5\7_A5_4;MSH;20.12.2023 11:44
7_A5_5;PMR_ExStream22_Main_EPT;;C40;;;;;Trichoptera;C40_T_mit;628;605;32;1681;114;84670;1705;26;26;84696;1679;2000;50;100;8;\images\Expo_2000_Ap_8\PMR_ExStream22_Main_EPT\7_A5\7_A5_5;MSH;20.12.2023 11:44
7_A5_6;PMR_ExStream22_Main_EPT;;C40;;;;;Trichoptera;C40_T_mit;598;551;67;1553;301;81426;13696;32;26;81459;13722;2000;50;100;8;\images\Expo_2000_Ap_8\PMR_ExStream22_Main_EPT\7_A5\7_A5_6;MSH;20.12.2023 11:44
7_A5_7;PMR_ExStream22_Main_EPT;;C40;;;;;Trichoptera;C40_T_mit;623;584;31;1630;40;78792;2934;54;62;78846;2898;2000;50;100;8;\images\Expo_2000_Ap_8\PMR_ExStream22_Main_EPT\7_A5\7_A5_7;MSH;20.12.2023 11:45
7_A5_9;PMR_ExStream22_Main_EPT;;C40;;;;;Trichoptera;C40_T_mit;512;167;100;370;286;4046;15080;2;10;4048;15089;2000;50;100;8;\images\Expo_2000_Ap_8\PMR_ExStream22_Main_EPT\7_A5\7_A5_9;MSH;20.12.2023 11:45
7_A6_1;PMR_ExStream22_Main_EPT;;C40;;1539,74 mg;;;Ephemeroptera;C40_E;344;320;15;803;71;12375;1538;59;36;12434;1566;2000;50;100;8;\images\Expo_2000_Ap_8\PMR_ExStream22_Main_EPT\7_A6\7_A6_1;MSH;20.12.2023 11:47
7_A6_2;PMR_ExStream22_Main_EPT;;C40;;;;;Ephemeroptera;C40_E;353;335;6;832;25;12612;941;43;27;12654;923;2000;50;100;8;\images\Expo_2000_Ap_8\PMR_ExStream22_Main_EPT\7_A6\7_A6_2;MSH;20.12.2023 11:47
7_A7_1;PMR_ExStream22_Main_EPT;;C41;;1533,92 mg;;;Trichoptera;C41_T_ohne;340;303;31;1294;52;17352;2171;213;214;17566;2298;2000;50;100;8;\images\Expo_2000_Ap_8\PMR_ExStream22_Main_EPT\7_A7\7_A7_1;MSH;20.12.2023 11:57
7_A7_2;PMR_ExStream22_Main_EPT;;C41;;;;;Trichoptera;C41_T_ohne;457;307;34;1285;161;17386;3904;138;335;17523;4234;2000;50;100;8;\images\Expo_2000_Ap_8\PMR_ExStream22_Main_EPT\7_A7\7_A7_2;MSH;20.12.2023 11:58
7_A8_1;PMR_ExStream22_Main_EPT;;C41;;1525,95 mg;;;Trichoptera;C41_T_ohne;615;584;36;1740;166;45943;4528;188;210;46131;4500;2000;50;100;8;\images\Expo_2000_Ap_8\PMR_ExStream22_Main_EPT\7_A8\7_A8_1;MSH;20.12.2023 12:46
7_A8_2;PMR_ExStream22_Main_EPT;;C41;;;;;Trichoptera;C41_T_ohne;585;491;34;1446;101;38008;1353;206;164;38215;1373;2000;50;100;8;\images\Expo_2000_Ap_8\PMR_ExStream22_Main_EPT\7_A8\7_A8_2;MSH;20.12.2023 12:47
7_A9_1;PMR_ExStream22_Main_EPT;;C41;;1526,84 mg;;;Trichoptera;C41_T_ohne;316;283;38;1003;54;18493;2221;88;74;18581;2224;2000;50;100;8;\images\Expo_2000_Ap_8\PMR_ExStream22_Main_EPT\7_A9\7_A9_1;MSH;20.12.2023 12:47
7_A9_2;PMR_ExStream22_Main_EPT;;C41;;;;;Trichoptera;C41_T_ohne;333;294;32;1154;92;17693;1218;120;61;17812;1225;2000;50;100;8;\images\Expo_2000_Ap_8\PMR_ExStream22_Main_EPT\7_A9\7_A9_2;MSH;20.12.2023 12:48
7_A10_1;PMR_ExStream22_Main_EPT;;C41;;1513,67 mg;;;Trichoptera;C41_T_ohne;256;235;14;805;46;10260;892;14;20;10274;895;2000;50;100;8;\images\Expo_2000_Ap_8\PMR_ExStream22_Main_EPT\7_A10\7_A10_1;MSH;20.12.2023 12:48
7_A10_2;PMR_ExStream22_Main_EPT;;C41;;;;;Trichoptera;C41_T_ohne;272;215;46;747;79;9571;2043;41;38;9612;2072;2000;50;100;8;\images\Expo_2000_Ap_8\PMR_ExStream22_Main_EPT\7_A10\7_A10_2;MSH;20.12.2023 12:49
7_A11_1;PMR_ExStream22_Main_EPT;;C41;;1536,30 mg;;;Trichoptera;C41_T_ohne;395;358;25;1284;93;20908;761;272;141;21180;736;2000;50;100;8;\images\Expo_2000_Ap_8\PMR_ExStream22_Main_EPT\7_A11\7_A11_1;MSH;20.12.2023 12:50
7_A11_2;PMR_ExStream22_Main_EPT;;C41;;;;;Trichoptera;C41_T_ohne;371;289;74;1167;147;16840;4172;232;170;17072;4283;2000;50;100;8;\images\Expo_2000_Ap_8\PMR_ExStream22_Main_EPT\7_A11\7_A11_2;MSH;20.12.2023 12:50
7_A12_1;PMR_ExStream22_Main_EPT;;C41;;1528,01 mg;;;Trichoptera;C41_T_ohne;319;263;61;810;161;11912;2771;108;116;12021;2817;2000;50;100;8;\images\Expo_2000_Ap_8\PMR_ExStream22_Main_EPT\7_A12\7_A12_1;MSH;20.12.2023 12:51
7_A12_2;PMR_ExStream22_Main_EPT;;C41;;;;;Trichoptera;C41_T_ohne;321;236;79;749;183;10320;3535;94;93;10414;3567;2000;50;100;8;\images\Expo_2000_Ap_8\PMR_ExStream22_Main_EPT\7_A12\7_A12_2;MSH;20.12.2023 12:51
7_B1_1;PMR_ExStream22_Main_EPT;;C41;;1532,57 mg;;;Trichoptera;C41_T_ohne;252;205;32;675;87;8347;1112;67;66;8413;1136;2000;50;100;8;\images\Expo_2000_Ap_8\PMR_ExStream22_Main_EPT\7_B1\7_B1_1;MSH;20.12.2023 12:52
7_B1_2;PMR_ExStream22_Main_EPT;;C41;;;;;Trichoptera;C41_T_ohne;246;223;9;593;30;8494;346;42;52;8536;386;2000;50;100;8;\images\Expo_2000_Ap_8\PMR_ExStream22_Main_EPT\7_B1\7_B1_2;MSH;20.12.2023 12:52
7_B2_1;PMR_ExStream22_Main_EPT;;C41;;1529,07 mg;;;Trichoptera;C41_T_ohne;243;199;35;821;77;8424;1432;51;68;8474;1466;2000;50;100;8;\images\Expo_2000_Ap_8\PMR_ExStream22_Main_EPT\7_B2\7_B2_1;MSH;20.12.2023 12:53
7_B2_2;PMR_ExStream22_Main_EPT;;C41;;;;;Trichoptera;C41_T_ohne;256;245;9;823;89;9449;411;54;58;9503;380;2000;50;100;8;\images\Expo_2000_Ap_8\PMR_ExStream22_Main_EPT\7_B2\7_B2_2;MSH;20.12.2023 12:53
7_B3_1;PMR_ExStream22_Main_EPT;;C41;;1521,74 mg;;;Trichoptera;C41_T_ohne;147;134;9;350;20;3494;281;7;6;3501;279;2000;50;100;8;\images\Expo_2000_Ap_8\PMR_ExStream22_Main_EPT\7_B3\7_B3_1;MSH;20.12.2023 12:54
7_B3_2;PMR_ExStream22_Main_EPT;;C41;;;;;Trichoptera;C41_T_ohne;149;135;10;371;27;3568;271;20;30;3588;261;2000;50;100;8;\images\Expo_2000_Ap_8\PMR_ExStream22_Main_EPT\7_B3\7_B3_2;MSH;20.12.2023 12:54
7_B4_1;PMR_ExStream22_Main_EPT;;C41;;1523,39 mg;;;Trichoptera;C41_T_ohne;805;785;13;2019;135;118817;4404;381;376;119198;4695;2000;50;100;8;\images\Expo_2000_Ap_8\PMR_ExStream22_Main_EPT\7_B4\7_B4_1;MSH;20.12.2023 12:55
7_B4_2;PMR_ExStream22_Main_EPT;;C41;;;;;Trichoptera;C41_T_ohne;772;772;2147483647;1912;2147483647;116742;2147483647;129;2147483647;116871;2147483647;2000;50;100;8;\images\Expo_2000_Ap_8\PMR_ExStream22_Main_EPT\7_B4\7_B4_2;MSH;20.12.2023 12:56
7_B4_3;PMR_ExStream22_Main_EPT;;C41;;;;;Trichoptera;C41_T_ohne;819;801;21;2074;122;122787;10141;45;28;122832;10165;2000;50;100;8;\images\Expo_2000_Ap_8\PMR_ExStream22_Main_EPT\7_B4\7_B4_3;MSH;20.12.2023 12:56
7_B4_4;PMR_ExStream22_Main_EPT;;C41;;;;;Trichoptera;C41_T_ohne;809;764;65;1952;86;116302;11405;336;99;116638;11504;2000;50;100;8;\images\Expo_2000_Ap_8\PMR_ExStream22_Main_EPT\7_B4\7_B4_4;MSH;20.12.2023 12:57
7_B4_5;PMR_ExStream22_Main_EPT;;C41;;;;;Trichoptera;C41_T_ohne;807;771;51;2019;58;118246;5116;8;4;118254;5112;2000;50;100;8;\images\Expo_2000_Ap_8\PMR_ExStream22_Main_EPT\7_B4\7_B4_5;MSH;20.12.2023 12:57
7_B4_6;PMR_ExStream22_Main_EPT;;C41;;;;;Trichoptera;C41_T_ohne;787;785;4;2051;30;123872;179;151;174;124022;5;2000;50;100;8;\images\Expo_2000_Ap_8\PMR_ExStream22_Main_EPT\7_B4\7_B4_6;MSH;20.12.2023 12:57
7_B4_7;PMR_ExStream22_Main_EPT;;C41;;;;;Trichoptera;C41_T_ohne;786;764;23;1903;44;116143;2797;172;26;116315;2782;2000;50;100;8;\images\Expo_2000_Ap_8\PMR_ExStream22_Main_EPT\7_B4\7_B4_7;MSH;20.12.2023 12:58
7_B4_8;PMR_ExStream22_Main_EPT;;C41;;;;;Trichoptera;C41_T_ohne;814;793;31;1969;58;120538;2696;196;5;120733;2691;2000;50;100;8;\images\Expo_2000_Ap_8\PMR_ExStream22_Main_EPT\7_B4\7_B4_8;MSH;20.12.2023 12:58
7_B4_9;PMR_ExStream22_Main_EPT;;C41;;;;;Trichoptera;C41_T_ohne;809;795;15;2053;95;122380;7240;246;130;122627;7368;2000;50;100;8;\images\Expo_2000_Ap_8\PMR_ExStream22_Main_EPT\7_B4\7_B4_9;MSH;20.12.2023 12:58
7_B4_10;PMR_ExStream22_Main_EPT;;C41;;;;;Trichoptera;C41_T_ohne;801;780;21;2028;62;119758;5006;40;38;119799;5019;2000;50;100;8;\images\Expo_2000_Ap_8\PMR_ExStream22_Main_EPT\7_B4\7_B4_10;MSH;20.12.2023 12:59
7_B5_1;PMR_ExStream22_Main_EPT;;C41;;1527,93 mg;;;Trichoptera;C41_T_ohne;768;760;8;1948;50;120417;9441;14;14;120431;9452;2000;50;100;8;\images\Expo_2000_Ap_8\PMR_ExStream22_Main_EPT\7_B5\7_B5_1;MSH;20.12.2023 13:00
7_B5_2;PMR_ExStream22_Main_EPT;;C41;;;;;Trichoptera;C41_T_ohne;821;807;20;2105;116;128319;621;44;2;128362;623;2000;50;100;8;\images\Expo_2000_Ap_8\PMR_ExStream22_Main_EPT\7_B5\7_B5_2;MSH;20.12.2023 13:01
7_B5_3;PMR_ExStream22_Main_EPT;;C41;;;;;Trichoptera;C41_T_ohne;825;774;57;1988;140;123568;6453;122;191;123690;6615;2000;50;100;8;\images\Expo_2000_Ap_8\PMR_ExStream22_Main_EPT\7_B5\7_B5_3;MSH;20.12.2023 13:01
7_B5_4;PMR_ExStream22_Main_EPT;;C41;;;;;Trichoptera;C41_T_ohne;803;795;14;2048;42;130225;11604;295;253;130520;11857;2000;50;100;8;\images\Expo_2000_Ap_8\PMR_ExStream22_Main_EPT\7_B5\7_B5_4;MSH;20.12.2023 13:02
7_B5_5;PMR_ExStream22_Main_EPT;;C41;;;;;Trichoptera;C41_T_ohne;818;806;12;2132;100;126354;12930;64;77;126418;13004;2000;50;100;8;\images\Expo_2000_Ap_8\PMR_ExStream22_Main_EPT\7_B5\7_B5_5;MSH;20.12.2023 13:02
7_B5_6;PMR_ExStream22_Main_EPT;;C41;;;;;Trichoptera;C41_T_ohne;794;764;24;2047;79;120515;1240;71;55;120586;1198;2000;50;100;8;\images\Expo_2000_Ap_8\PMR_ExStream22_Main_EPT\7_B5\7_B5_6;MSH;20.12.2023 13:02
7_B5_7;PMR_ExStream22_Main_EPT;;C41;;;;;Trichoptera;C41_T_ohne;821;811;9;2159;105;127200;10422;212;134;127412;10544;2000;50;100;8;\images\Expo_2000_Ap_8\PMR_ExStream22_Main_EPT\7_B5\7_B5_7;MSH;20.12.2023 13:03
7_B5_8;PMR_ExStream22_Main_EPT;;C41;;;;;Trichoptera;C41_T_ohne;776;762;9;1966;53;121378;8538;16;19;121393;8537;2000;50;100;8;\images\Expo_2000_Ap_8\PMR_ExStream22_Main_EPT\7_B5\7_B5_8;MSH;20.12.2023 13:03
7_B5_9;PMR_ExStream22_Main_EPT;;C41;;;;;Trichoptera;C41_T_ohne;823;807;16;2182;83;126111;9774;215;143;126326;9820;2000;50;100;8;\images\Expo_2000_Ap_8\PMR_ExStream22_Main_EPT\7_B5\7_B5_9;MSH;20.12.2023 13:04
7_B6_1;PMR_ExStream22_Main_EPT;;C41;;1527,30 mg;;;Trichoptera;C41_T_ohne nur kopf;476;431;49;1828;191;51784;4842;635;482;52419;5033;2000;50;100;8;\images\Expo_2000_Ap_8\PMR_ExStream22_Main_EPT\7_B6\7_B6_1;MSH;20.12.2023 13:05
7_B6_2;PMR_ExStream22_Main_EPT;;C41;;;;;Trichoptera;C41_T_ohne nur kopf;467;421;52;1680;383;50829;4102;553;311;51382;4187;2000;50;100;8;\images\Expo_2000_Ap_8\PMR_ExStream22_Main_EPT\7_B6\7_B6_2;MSH;20.12.2023 13:05
7_B7_1;PMR_ExStream22_Main_EPT;;C41;;1525,46 mg;;;Trichoptera;C41_T_mit;292;234;78;601;189;15917;6105;5;3;15922;6106;2000;50;100;8;\images\Expo_2000_Ap_8\PMR_ExStream22_Main_EPT\7_B7\7_B7_1;MSH;20.12.2023 13:06
7_B7_2;PMR_ExStream22_Main_EPT;;C41;;;;;Trichoptera;C41_T_mit;273;243;26;606;63;16780;2977;5;8;16785;2975;2000;50;100;8;\images\Expo_2000_Ap_8\PMR_ExStream22_Main_EPT\7_B7\7_B7_2;MSH;20.12.2023 13:06
7_B7_3;PMR_ExStream22_Main_EPT;;C41;;;;;Trichoptera;C41_T_mit;277;208;75;544;181;16462;7423;2;2;16463;7424;2000;50;100;8;\images\Expo_2000_Ap_8\PMR_ExStream22_Main_EPT\7_B7\7_B7_3;MSH;20.12.2023 13:07
7_B7_4;PMR_ExStream22_Main_EPT;;C41;;;;;Trichoptera;C41_T_mit;256;220;38;573;70;16788;2752;1;1;16789;2753;2000;50;100;8;\images\Expo_2000_Ap_8\PMR_ExStream22_Main_EPT\7_B7\7_B7_4;MSH;20.12.2023 13:07
7_B7_5;PMR_ExStream22_Main_EPT;;C41;;;;;Trichoptera;C41_T_mit;279;238;77;586;172;14352;4727;98;193;14450;4784;2000;50;100;8;\images\Expo_2000_Ap_8\PMR_ExStream22_Main_EPT\7_B7\7_B7_5;MSH;20.12.2023 13:08
7_B7_6;PMR_ExStream22_Main_EPT;;C41;;;;;Trichoptera;C41_T_mit;286;236;56;590;113;16110;3866;2;3;16112;3868;2000;50;100;8;\images\Expo_2000_Ap_8\PMR_ExStream22_Main_EPT\7_B7\7_B7_6;MSH;20.12.2023 13:08
7_B7_7;PMR_ExStream22_Main_EPT;;C41;;;;;Trichoptera;C41_T_mit;286;223;64;555;135;15256;4717;4;7;15260;4716;2000;50;100;8;\images\Expo_2000_Ap_8\PMR_ExStream22_Main_EPT\7_B7\7_B7_7;MSH;20.12.2023 13:09
7_B7_8;PMR_ExStream22_Main_EPT;;C41;;;;;Trichoptera;C41_T_mit;287;264;27;643;83;18173;4132;2;2;18175;4134;2000;50;100;8;\images\Expo_2000_Ap_8\PMR_ExStream22_Main_EPT\7_B7\7_B7_8;MSH;20.12.2023 13:09
7_B8_1;PMR_ExStream22_Main_EPT;;C41;;1528,93 mg;;;Ephemeroptera;C41_E;480;449;17;1395;136;21234;1633;89;62;21324;1666;2000;50;100;8;\images\Expo_2000_Ap_8\PMR_ExStream22_Main_EPT\7_B8\7_B8_1;MSH;20.12.2023 13:10
7_B8_2;PMR_ExStream22_Main_EPT;;C41;;;;;Ephemeroptera;C41_E;513;445;51;1284;80;20633;1794;81;62;20713;1806;2000;50;100;8;\images\Expo_2000_Ap_8\PMR_ExStream22_Main_EPT\7_B8\7_B8_2;MSH;20.12.2023 13:10
7_B9_1;PMR_ExStream22_Main_EPT;;C41;;1517,72 mg;;;Ephemeroptera;C41_E;386;337;32;1105;221;20705;5203;52;42;20758;5213;2000;50;100;8;\images\Expo_2000_Ap_8\PMR_ExStream22_Main_EPT\7_B9\7_B9_1;MSH;20.12.2023 13:11
7_B9_2;PMR_ExStream22_Main_EPT;;C41;;;;;Ephemeroptera;C41_E;390;325;52;1032;294;21345;5213;230;138;21575;5346;2000;50;100;8;\images\Expo_2000_Ap_8\PMR_ExStream22_Main_EPT\7_B9\7_B9_2;MSH;20.12.2023 13:11
7_B10_1;PMR_ExStream22_Main_EPT;;C41;;1520,19 mg;;;Ephemeroptera;C41_E;337;286;40;830;179;9304;1250;53;58;9357;1201;2000;50;100;8;\images\Expo_2000_Ap_8\PMR_ExStream22_Main_EPT\7_B10\7_B10_1;MSH;20.12.2023 13:12
7_B10_2;PMR_ExStream22_Main_EPT;;C41;;;;;Ephemeroptera;C41_E;336;269;58;802;190;8637;2013;101;113;8737;1926;2000;50;100;8;\images\Expo_2000_Ap_8\PMR_ExStream22_Main_EPT\7_B10\7_B10_2;MSH;20.12.2023 13:13
7_B11_1;PMR_ExStream22_Main_EPT;;C41;;1537,18 mg;;;Ephemeroptera;C41_E;179;124;52;390;161;3622;1132;32;13;3654;1124;2000;50;100;8;\images\Expo_2000_Ap_8\PMR_ExStream22_Main_EPT\7_B11\7_B11_1;MSH;20.12.2023 13:14
7_B11_2;PMR_ExStream22_Main_EPT;;C41;;;;;Ephemeroptera;C41_E;168;141;25;426;57;3838;820;7;12;3846;819;2000;50;100;8;\images\Expo_2000_Ap_8\PMR_ExStream22_Main_EPT\7_B11\7_B11_2;MSH;20.12.2023 13:14
7_B12_1;PMR_ExStream22_Main_EPT;;C42;;1526,71 mg;;;Trichoptera;C42_Tohne;242;175;61;561;90;6069;1700;26;23;6095;1686;2000;50;100;8;\images\Expo_2000_Ap_8\PMR_ExStream22_Main_EPT\7_B12\7_B12_1;MSH;20.12.2023 13:19
7_B12_2;PMR_ExStream22_Main_EPT;;C42;;;;;Trichoptera;C42_Tohne;39;32;5;113;19;322;73;15;25;337;78;2000;50;100;8;\images\Expo_2000_Ap_8\PMR_ExStream22_Main_EPT\7_B12\7_B12_2;MSH;20.12.2023 13:19
7_B12_3;PMR_ExStream22_Main_EPT;;C42;;;;;Trichoptera;C42_Tohne;235;203;28;677;108;6664;810;23;29;6687;821;2000;50;100;8;\images\Expo_2000_Ap_8\PMR_ExStream22_Main_EPT\7_B12\7_B12_3;MSH;20.12.2023 13:20
7_C1_1;PMR_ExStream22_Main_EPT;;C42;;1520,17 mg;;;Trichoptera;C42_Tohne;182;127;48;321;105;3108;1017;8;14;3115;1024;2000;50;100;8;\images\Expo_2000_Ap_8\PMR_ExStream22_Main_EPT\7_C1\7_C1_1;MSH;20.12.2023 13:21
7_C1_2;PMR_ExStream22_Main_EPT;;C42;;;;;Trichoptera;C42_Tohne;184;153;16;383;29;3686;279;16;18;3702;293;2000;50;100;8;\images\Expo_2000_Ap_8\PMR_ExStream22_Main_EPT\7_C1\7_C1_2;MSH;20.12.2023 13:21
7_C2_1;PMR_ExStream22_Main_EPT;;C42;;1535,52 mg;;;Trichoptera;C42_T_ohne;882;877;4;2935;321;139490;580;2584;320;142073;856;2000;50;100;8;\images\Expo_2000_Ap_8\PMR_ExStream22_Main_EPT\7_C2\7_C2_1;MSH;20.12.2023 13:23
7_C2_2;PMR_ExStream22_Main_EPT;;C42;;;;;Trichoptera;C42_T_ohne;899;886;10;3393;499;139571;11872;1057;1018;140628;12889;2000;50;100;8;\images\Expo_2000_Ap_8\PMR_ExStream22_Main_EPT\7_C2\7_C2_2;MSH;20.12.2023 13:23
7_C2_3;PMR_ExStream22_Main_EPT;;C42;;;;;Trichoptera;C42_T_ohne;921;898;15;3299;576;140989;10518;914;677;141903;11190;2000;50;100;8;\images\Expo_2000_Ap_8\PMR_ExStream22_Main_EPT\7_C2\7_C2_3;MSH;20.12.2023 13:23
7_C2_4;PMR_ExStream22_Main_EPT;;C42;;;;;Trichoptera;C42_T_ohne;910;883;15;3213;251;138182;1358;1565;471;139747;940;2000;50;100;8;\images\Expo_2000_Ap_8\PMR_ExStream22_Main_EPT\7_C2\7_C2_4;MSH;20.12.2023 13:24
7_C3_1;PMR_ExStream22_Main_EPT;;C42;;1518,22 mg;;;Trichoptera;C42_T_ohne nur kopf;238;217;17;718;75;12008;654;154;101;12162;721;2000;50;100;8;\images\Expo_2000_Ap_8\PMR_ExStream22_Main_EPT\7_C3\7_C3_1;MSH;20.12.2023 13:25
7_C3_2;PMR_ExStream22_Main_EPT;;C42;;;;;Trichoptera;C42_T_ohne nur kopf;246;218;20;687;61;13189;379;237;186;13425;391;2000;50;100;8;\images\Expo_2000_Ap_8\PMR_ExStream22_Main_EPT\7_C3\7_C3_2;MSH;20.12.2023 13:25
7_C4_1;PMR_ExStream22_Main_EPT;;C42;;1522,95 mg;;;Trichoptera;C42_T_ohne nur kopf;175;162;5;549;27;7418;211;42;37;7460;217;2000;50;100;8;\images\Expo_2000_Ap_8\PMR_ExStream22_Main_EPT\7_C4\7_C4_1;MSH;20.12.2023 13:26
7_C4_2;PMR_ExStream22_Main_EPT;;C42;;;;;Trichoptera;C42_T_ohne nur kopf;183;168;10;543;108;7572;608;164;54;7737;641;2000;50;100;8;\images\Expo_2000_Ap_8\PMR_ExStream22_Main_EPT\7_C4\7_C4_2;MSH;20.12.2023 13:26
7_C5_1;PMR_ExStream22_Main_EPT;;C42;;1524,73 mg;;;Trichoptera;C42_T_mit;475;429;40;1114;95;55463;7955;19;17;55482;7968;2000;50;100;8;\images\Expo_2000_Ap_8\PMR_ExStream22_Main_EPT\7_C5\7_C5_1;MSH;20.12.2023 13:28
7_C5_2;PMR_ExStream22_Main_EPT;;C42;;;;;Trichoptera;C42_T_mit;474;445;40;1156;105;57710;8973;30;21;57741;8990;2000;50;100;8;\images\Expo_2000_Ap_8\PMR_ExStream22_Main_EPT\7_C5\7_C5_2;MSH;20.12.2023 13:28
7_C5_3;PMR_ExStream22_Main_EPT;;C42;;;;;Trichoptera;C42_T_mit;431;426;7;1068;50;51285;11605;8;9;51294;11614;2000;50;100;8;\images\Expo_2000_Ap_8\PMR_ExStream22_Main_EPT\7_C5\7_C5_3;MSH;20.12.2023 13:29
7_C5_4;PMR_ExStream22_Main_EPT;;C42;;;;;Trichoptera;C42_T_mit;417;357;57;921;115;39871;5363;2;2;39873;5365;2000;50;100;8;\images\Expo_2000_Ap_8\PMR_ExStream22_Main_EPT\7_C5\7_C5_4;MSH;20.12.2023 13:29
7_C5_5;PMR_ExStream22_Main_EPT;;C42;;;;;Trichoptera;C42_T_mit;469;455;12;1148;51;58253;5953;20;12;58273;5965;2000;50;100;8;\images\Expo_2000_Ap_8\PMR_ExStream22_Main_EPT\7_C5\7_C5_5;MSH;20.12.2023 13:29
7_C5_6;PMR_ExStream22_Main_EPT;;C42;;;;;Trichoptera;C42_T_mit;467;400;55;1044;147;47898;9465;15;19;47913;9478;2000;50;100;8;\images\Expo_2000_Ap_8\PMR_ExStream22_Main_EPT\7_C5\7_C5_6;MSH;20.12.2023 13:29
7_C5_7;PMR_ExStream22_Main_EPT;;C42;;;;;Trichoptera;C42_T_mit;452;354;94;917;220;41136;11229;2;2;41138;11229;2000;50;100;8;\images\Expo_2000_Ap_8\PMR_ExStream22_Main_EPT\7_C5\7_C5_7;MSH;20.12.2023 13:30
7_C5_8;PMR_ExStream22_Main_EPT;;C42;;;;;Trichoptera;C42_T_mit;468;391;133;980;281;41611;10504;4;3;41615;10508;2000;50;100;8;\images\Expo_2000_Ap_8\PMR_ExStream22_Main_EPT\7_C5\7_C5_8;MSH;20.12.2023 13:30
7_C5_9;PMR_ExStream22_Main_EPT;;C42;;;;;Trichoptera;C42_T_mit;453;388;70;1014;150;48115;9941;16;14;48131;9940;2000;50;100;8;\images\Expo_2000_Ap_8\PMR_ExStream22_Main_EPT\7_C5\7_C5_9;MSH;20.12.2023 13:30
7_C5_10;PMR_ExStream22_Main_EPT;;C42;;;;;Trichoptera;C42_T_mit;446;369;63;958;139;43915;10125;6;5;43921;10123;2000;50;100;8;\images\Expo_2000_Ap_8\PMR_ExStream22_Main_EPT\7_C5\7_C5_10;MSH;20.12.2023 13:31
7_C6_1;PMR_ExStream22_Main_EPT;;C42;;1533,43 mg;;;Trichoptera;C42_T_mit;494;447;41;1301;217;88389;24969;20;23;88408;24991;2000;50;100;8;\images\Expo_2000_Ap_8\PMR_ExStream22_Main_EPT\7_C6\7_C6_1;MSH;20.12.2023 13:32
7_C6_2;PMR_ExStream22_Main_EPT;;C42;;;;;Trichoptera;C42_T_mit;498;446;29;1303;55;82724;5716;20;40;82745;5728;2000;50;100;8;\images\Expo_2000_Ap_8\PMR_ExStream22_Main_EPT\7_C6\7_C6_2;MSH;20.12.2023 13:32
7_C6_3;PMR_ExStream22_Main_EPT;;C42;;;;;Trichoptera;C42_T_mit;512;463;54;1311;113;84555;9418;12;15;84567;9422;2000;50;100;8;\images\Expo_2000_Ap_8\PMR_ExStream22_Main_EPT\7_C6\7_C6_3;MSH;20.12.2023 13:33
7_C6_4;PMR_ExStream22_Main_EPT;;C42;;;;;Trichoptera;C42_T_mit;476;456;22;1334;77;86404;12152;41;27;86445;12169;2000;50;100;8;\images\Expo_2000_Ap_8\PMR_ExStream22_Main_EPT\7_C6\7_C6_4;MSH;20.12.2023 13:33
7_C6_5;PMR_ExStream22_Main_EPT;;C42;;;;;Trichoptera;C42_T_mit;472;452;20;1169;65;70908;7854;5;4;70913;7852;2000;50;100;8;\images\Expo_2000_Ap_8\PMR_ExStream22_Main_EPT\7_C6\7_C6_5;MSH;20.12.2023 13:33
7_C6_6;PMR_ExStream22_Main_EPT;;C42;;;;;Trichoptera;C42_T_mit;602;491;54;1486;258;94869;14938;666;1460;95535;15911;2000;50;100;8;\images\Expo_2000_Ap_8\PMR_ExStream22_Main_EPT\7_C6\7_C6_6;MSH;20.12.2023 13:33
7_C6_7;PMR_ExStream22_Main_EPT;;C42;;;;;Trichoptera;C42_T_mit;500;365;210;1046;600;66212;41305;49;58;66261;41343;2000;50;100;8;\images\Expo_2000_Ap_8\PMR_ExStream22_Main_EPT\7_C6\7_C6_7;MSH;20.12.2023 13:34
7_C7_1;PMR_ExStream22_Main_EPT;;C42;;1532,89 mg;;;Trichoptera;C42_T_mit halb;260;223;31;595;104;20371;5561;6;7;20377;5565;2000;50;100;8;\images\Expo_2000_Ap_8\PMR_ExStream22_Main_EPT\7_C7\7_C7_1;MSH;20.12.2023 13:35
7_C7_2;PMR_ExStream22_Main_EPT;;C42;;;;;Trichoptera;C42_T_mit halb;266;234;19;620;38;22140;2129;6;6;22146;2132;2000;50;100;8;\images\Expo_2000_Ap_8\PMR_ExStream22_Main_EPT\7_C7\7_C7_2;MSH;20.12.2023 13:35
7_C7_3;PMR_ExStream22_Main_EPT;;C42;;;;;Trichoptera;C42_T_mit halb;293;228;58;614;146;19052;4359;8;11;19060;4364;2000;50;100;8;\images\Expo_2000_Ap_8\PMR_ExStream22_Main_EPT\7_C7\7_C7_3;MSH;20.12.2023 13:35
7_C7_4;PMR_ExStream22_Main_EPT;;C42;;;;;Trichoptera;C42_T_mit halb;272;230;33;652;90;21554;3648;10;9;21564;3651;2000;50;100;8;\images\Expo_2000_Ap_8\PMR_ExStream22_Main_EPT\7_C7\7_C7_4;MSH;20.12.2023 13:36
7_C7_5;PMR_ExStream22_Main_EPT;;C42;;;;;Trichoptera;C42_T_mit halb;275;72;77;220;209;4276;8754;93;68;4369;8720;2000;50;100;8;\images\Expo_2000_Ap_8\PMR_ExStream22_Main_EPT\7_C7\7_C7_5;MSH;20.12.2023 13:36
7_C7_6;PMR_ExStream22_Main_EPT;;C42;;;;;Trichoptera;C42_T_mit halb;311;259;52;652;127;20364;4363;12;15;20376;4372;2000;50;100;8;\images\Expo_2000_Ap_8\PMR_ExStream22_Main_EPT\7_C7\7_C7_6;MSH;20.12.2023 13:36
7_C7_7;PMR_ExStream22_Main_EPT;;C42;;;;;Trichoptera;C42_T_mit halb;309;247;57;656;153;22769;7360;7;10;22775;7366;2000;50;100;8;\images\Expo_2000_Ap_8\PMR_ExStream22_Main_EPT\7_C7\7_C7_7;MSH;20.12.2023 13:37
7_C8_1;PMR_ExStream22_Main_EPT;;C42;;1520,88 mg;;;Ephemeroptera;C42_E;399;313;80;798;224;10998;2548;3;11;11001;2549;2000;50;100;8;\images\Expo_2000_Ap_8\PMR_ExStream22_Main_EPT\7_C8\7_C8_1;MSH;20.12.2023 13:38
7_C8_2;PMR_ExStream22_Main_EPT;;C42;;;;;Ephemeroptera;C42_E;420;327;81;812;224;10915;2223;6;6;10921;2227;2000;50;100;8;\images\Expo_2000_Ap_8\PMR_ExStream22_Main_EPT\7_C8\7_C8_2;MSH;20.12.2023 13:38
7_C9_1;PMR_ExStream22_Main_EPT;;C42;;1520,74 mg;;;Ephemeroptera;C42_E;225;199;15;582;35;6338;551;9;12;6347;546;2000;50;100;8;\images\Expo_2000_Ap_8\PMR_ExStream22_Main_EPT\7_C9\7_C9_1;MSH;20.12.2023 13:39
7_C9_2;PMR_ExStream22_Main_EPT;;C42;;;;;Ephemeroptera;C42_E;223;193;31;506;72;6377;988;50;50;6427;1019;2000;50;100;8;\images\Expo_2000_Ap_8\PMR_ExStream22_Main_EPT\7_C9\7_C9_2;MSH;20.12.2023 13:40
7_C10_1;PMR_ExStream22_Main_EPT;;C42;;1525,34 mg;;;Plecoptera;C42_P;238;209;11;753;117;5846;378;11;19;5857;379;2000;50;100;8;\images\Expo_2000_Ap_8\PMR_ExStream22_Main_EPT\7_C10\7_C10_1;MSH;20.12.2023 13:41
7_C10_2;PMR_ExStream22_Main_EPT;;C42;;;;;Plecoptera;C42_P;238;191;29;715;73;5533;176;306;180;5839;267;2000;50;100;8;\images\Expo_2000_Ap_8\PMR_ExStream22_Main_EPT\7_C10\7_C10_2;MSH;20.12.2023 13:42
7_C11_1;PMR_ExStream22_Main_EPT;;C43;;1527,64 mg;;;Trichoptera;C43_T_ohne;351;323;22;1143;148;18598;1347;128;77;18727;1335;2000;50;100;8;\images\Expo_2000_Ap_8\PMR_ExStream22_Main_EPT\7_C11\7_C11_1;MSH;20.12.2023 14:06
7_C11_2;PMR_ExStream22_Main_EPT;;C43;;;;;Trichoptera;C43_T_ohne;343;286;52;1040;138;16647;3614;95;65;16742;3629;2000;50;100;8;\images\Expo_2000_Ap_8\PMR_ExStream22_Main_EPT\7_C11\7_C11_2;MSH;20.12.2023 14:07
7_C12_1;PMR_ExStream22_Main_EPT;;C43;;1521,23 mg;;;Trichoptera;C43_T_ohne;477;447;15;1666;56;37226;1238;215;143;37441;1310;2000;50;100;8;\images\Expo_2000_Ap_8\PMR_ExStream22_Main_EPT\7_C12\7_C12_1;MSH;20.12.2023 14:07
7_C12_2;PMR_ExStream22_Main_EPT;;C43;;;;;Trichoptera;C43_T_ohne;506;459;29;1518;94;37801;3473;206;102;38007;3521;2000;50;100;8;\images\Expo_2000_Ap_8\PMR_ExStream22_Main_EPT\7_C12\7_C12_2;MSH;20.12.2023 14:08
7_D1_1;PMR_ExStream22_Main_EPT;;C43;;1528,06 mg;;;Trichoptera;C43_T_ohne;270;259;8;723;80;9060;570;96;53;9156;543;2000;50;100;8;\images\Expo_2000_Ap_8\PMR_ExStream22_Main_EPT\7_D1\7_D1_1;MSH;20.12.2023 14:08
7_D1_2;PMR_ExStream22_Main_EPT;;C43;;;;;Trichoptera;C43_T_ohne;242;213;23;607;50;7368;261;19;18;7387;252;2000;50;100;8;\images\Expo_2000_Ap_8\PMR_ExStream22_Main_EPT\7_D1\7_D1_2;MSH;20.12.2023 14:09
7_D2_1;PMR_ExStream22_Main_EPT;;C43;;1526,49 mg;;;Trichoptera;C43_T_ohne;172;136;39;387;66;3723;1099;13;19;3736;1106;2000;50;100;8;\images\Expo_2000_Ap_8\PMR_ExStream22_Main_EPT\7_D2\7_D2_1;MSH;20.12.2023 14:10
7_D2_2;PMR_ExStream22_Main_EPT;;C43;;;;;Trichoptera;C43_T_ohne;165;144;18;442;60;3866;377;20;18;3886;388;2000;50;100;8;\images\Expo_2000_Ap_8\PMR_ExStream22_Main_EPT\7_D2\7_D2_2;MSH;20.12.2023 14:10
7_D3_1;PMR_ExStream22_Main_EPT;;C43;;1525,68 mg;;;Trichoptera;C43_T_ohne;518;507;5;2149;60;54027;2489;636;263;54663;2289;2000;50;100;8;\images\Expo_2000_Ap_8\PMR_ExStream22_Main_EPT\7_D3\7_D3_1;MSH;20.12.2023 14:11
7_D3_2;PMR_ExStream22_Main_EPT;;C43;;;;;Trichoptera;C43_T_ohne;555;498;38;2237;169;57333;2442;818;380;58151;2417;2000;50;100;8;\images\Expo_2000_Ap_8\PMR_ExStream22_Main_EPT\7_D3\7_D3_2;MSH;20.12.2023 14:11
7_D4_1;PMR_ExStream22_Main_EPT;;C43;;1515,97 mg;;;Trichoptera;C43_T_ohne;272;204;63;696;148;9019;2384;42;44;9061;2422;2000;50;100;8;\images\Expo_2000_Ap_8\PMR_ExStream22_Main_EPT\7_D4\7_D4_1;MSH;20.12.2023 14:12
7_D4_2;PMR_ExStream22_Main_EPT;;C43;;;;;Trichoptera;C43_T_ohne;279;211;64;673;137;8939;2630;54;45;8993;2673;2000;50;100;8;\images\Expo_2000_Ap_8\PMR_ExStream22_Main_EPT\7_D4\7_D4_2;MSH;20.12.2023 14:12
7_D5_1;PMR_ExStream22_Main_EPT;;C43;;1530,16 mg;;;Trichoptera;C43_T_ohne;504;504;1;2414;9;20433;160;123;7;20556;153;2000;50;100;8;\images\Expo_2000_Ap_8\PMR_ExStream22_Main_EPT\7_D5\7_D5_1;MSH;20.12.2023 14:14
7_D7_1;PMR_ExStream22_Main_EPT;;C43;;1525,62 mg;;;Trichoptera;C43_T_ohne;294;278;16;856;48;15352;1036;89;37;15441;1055;2000;50;100;8;\images\Expo_2000_Ap_8\PMR_ExStream22_Main_EPT\7_D7\7_D7_1;MSH;20.12.2023 14:18
7_D7_2;PMR_ExStream22_Main_EPT;;C43;;;;;Trichoptera;C43_T_ohne;272;240;30;678;114;13100;2167;18;16;13118;2177;2000;50;100;8;\images\Expo_2000_Ap_8\PMR_ExStream22_Main_EPT\7_D7\7_D7_2;MSH;20.12.2023 14:21
7_D8_1;PMR_ExStream22_Main_EPT;;C43;;1530,02 mg;;;Trichoptera;C43_T_ohne zerteilt;314;240;55;792;155;12529;1948;24;21;12554;1958;2000;50;100;8;\images\Expo_2000_Ap_8\PMR_ExStream22_Main_EPT\7_D8\7_D8_1;MSH;20.12.2023 14:22
7_D8_2;PMR_ExStream22_Main_EPT;;C43;;;;;Trichoptera;C43_T_ohne zerteilt;322;235;80;712;219;11442;3551;12;14;11454;3559;2000;50;100;8;\images\Expo_2000_Ap_8\PMR_ExStream22_Main_EPT\7_D8\7_D8_2;MSH;20.12.2023 14:22
7_D9_1;PMR_ExStream22_Main_EPT;;C43;;1526,50 mg;;;Trichoptera;C43_T_ohne nur kopf;103;95;7;287;24;4182;319;8;14;4190;320;2000;50;100;8;\images\Expo_2000_Ap_8\PMR_ExStream22_Main_EPT\7_D9\7_D9_1;MSH;20.12.2023 14:24
7_D9_2;PMR_ExStream22_Main_EPT;;C43;;;;;Trichoptera;C43_T_ohne nur kopf;98;88;9;267;30;3947;319;5;8;3952;323;2000;50;100;8;\images\Expo_2000_Ap_8\PMR_ExStream22_Main_EPT\7_D9\7_D9_2;MSH;20.12.2023 14:24
7_D10_1;PMR_ExStream22_Main_EPT;;C43;;1531,32 mg;;;Trichoptera;C43_T_mit;587;531;72;1474;307;91720;30576;32;31;91751;30599;2000;50;100;8;\images\Expo_2000_Ap_8\PMR_ExStream22_Main_EPT\7_D10\7_D10_1;MSH;20.12.2023 14:25
7_D10_2;PMR_ExStream22_Main_EPT;;C43;;;;;Trichoptera;C43_T_mit;598;579;26;1543;55;91399;17117;53;7;91452;17120;2000;50;100;8;\images\Expo_2000_Ap_8\PMR_ExStream22_Main_EPT\7_D10\7_D10_2;MSH;20.12.2023 14:25
7_D10_3;PMR_ExStream22_Main_EPT;;C43;;;;;Trichoptera;C43_T_mit;494;468;38;1373;51;84947;16965;5;1;84952;16963;2000;50;100;8;\images\Expo_2000_Ap_8\PMR_ExStream22_Main_EPT\7_D10\7_D10_3;MSH;20.12.2023 14:25
7_D10_4;PMR_ExStream22_Main_EPT;;C43;;;;;Trichoptera;C43_T_mit;603;599;5;1593;275;92442;39173;79;64;92520;39237;2000;50;100;8;\images\Expo_2000_Ap_8\PMR_ExStream22_Main_EPT\7_D10\7_D10_4;MSH;20.12.2023 14:26
7_D10_5;PMR_ExStream22_Main_EPT;;C43;;;;;Trichoptera;C43_T_mit;591;269;262;741;717;42199;47030;5;7;42204;47036;2000;50;100;8;\images\Expo_2000_Ap_8\PMR_ExStream22_Main_EPT\7_D10\7_D10_5;MSH;20.12.2023 14:26
7_D10_6;PMR_ExStream22_Main_EPT;;C43;;;;;Trichoptera;C43_T_mit;592;530;58;1439;44;80598;6504;20;19;80618;6511;2000;50;100;8;\images\Expo_2000_Ap_8\PMR_ExStream22_Main_EPT\7_D10\7_D10_6;MSH;20.12.2023 14:27
7_D10_7;PMR_ExStream22_Main_EPT;;C43;;;;;Trichoptera;C43_T_mit;562;352;270;920;700;52718;43791;6;5;52724;43795;2000;50;100;8;\images\Expo_2000_Ap_8\PMR_ExStream22_Main_EPT\7_D10\7_D10_7;MSH;20.12.2023 14:27
7_D10_8;PMR_ExStream22_Main_EPT;;C43;;;;;Trichoptera;C43_T_mit;42;33;9;94;31;579;388;0;1;579;389;2000;50;100;8;\images\Expo_2000_Ap_8\PMR_ExStream22_Main_EPT\7_D10\7_D10_8;MSH;20.12.2023 14:27
7_D10_9;PMR_ExStream22_Main_EPT;;C43;;;;;Trichoptera;C43_T_mit;581;581;2147483647;1442;2147483647;77904;2147483647;17;2147483647;77921;2147483647;2000;50;100;8;\images\Expo_2000_Ap_8\PMR_ExStream22_Main_EPT\7_D10\7_D10_9;MSH;20.12.2023 14:27
7_D10_10;PMR_ExStream22_Main_EPT;;C43;;;;;Trichoptera;C43_T_mit;471;462;10;1246;142;71354;15427;7;6;71361;15433;2000;50;100;8;\images\Expo_2000_Ap_8\PMR_ExStream22_Main_EPT\7_D10\7_D10_10;MSH;20.12.2023 14:28
7_D11_1;PMR_ExStream22_Main_EPT;;C43;;1522,46 mg;;;Trichoptera;C43_T_mit;579;521;66;1356;84;72658;5285;34;19;72692;5280;2000;50;100;8;\images\Expo_2000_Ap_8\PMR_ExStream22_Main_EPT\7_D11\7_D11_1;MSH;20.12.2023 14:29
7_D11_2;PMR_ExStream22_Main_EPT;;C43;;;;;Trichoptera;C43_T_mit;571;527;28;1359;96;75423;13938;11;7;75434;13944;2000;50;100;8;\images\Expo_2000_Ap_8\PMR_ExStream22_Main_EPT\7_D11\7_D11_2;MSH;20.12.2023 14:29
7_D11_3;PMR_ExStream22_Main_EPT;;C43;;;;;Trichoptera;C43_T_mit;574;532;39;1448;91;79157;8958;64;105;79220;8966;2000;50;100;8;\images\Expo_2000_Ap_8\PMR_ExStream22_Main_EPT\7_D11\7_D11_3;MSH;20.12.2023 14:29
7_D11_4;PMR_ExStream22_Main_EPT;;C43;;;;;Trichoptera;C43_T_mit;565;537;43;1394;84;76097;13273;15;5;76112;13275;2000;50;100;8;\images\Expo_2000_Ap_8\PMR_ExStream22_Main_EPT\7_D11\7_D11_4;MSH;20.12.2023 14:30
7_D11_5;PMR_ExStream22_Main_EPT;;C43;;;;;Trichoptera;C43_T_mit;569;529;40;1398;106;74160;7295;24;20;74185;7308;2000;50;100;8;\images\Expo_2000_Ap_8\PMR_ExStream22_Main_EPT\7_D11\7_D11_5;MSH;20.12.2023 14:30
7_D11_6;PMR_ExStream22_Main_EPT;;C43;;;;;Trichoptera;C43_T_mit;570;509;52;1364;170;73513;16574;50;45;73562;16566;2000;50;100;8;\images\Expo_2000_Ap_8\PMR_ExStream22_Main_EPT\7_D11\7_D11_6;MSH;20.12.2023 14:30
7_D11_7;PMR_ExStream22_Main_EPT;;C43;;;;;Trichoptera;C43_T_mit;525;111;180;325;504;13949;30832;42;34;13990;30821;2000;50;100;8;\images\Expo_2000_Ap_8\PMR_ExStream22_Main_EPT\7_D11\7_D11_7;MSH;20.12.2023 14:30
7_D11_8;PMR_ExStream22_Main_EPT;;C43;;;;;Trichoptera;C43_T_mit;571;172;223;488;598;18909;35856;276;89;19185;35805;2000;50;100;8;\images\Expo_2000_Ap_8\PMR_ExStream22_Main_EPT\7_D11\7_D11_8;MSH;20.12.2023 14:31
7_D11_8;PMR_ExStream22_Main_EPT;;C43;;;;;Trichoptera;C43_T_mit;32;30;1;96;13;335;10;38;20;372;24;2000;50;100;8;\images\Expo_2000_Ap_8\PMR_ExStream22_Main_EPT\7_D11\7_D11_8;MSH;20.12.2023 14:31
7_D11_9;PMR_ExStream22_Main_EPT;;C43;;;;;Trichoptera;C43_T_mit;484;470;20;1299;2;74470;5062;16;18;74486;5080;2000;50;100;8;\images\Expo_2000_Ap_8\PMR_ExStream22_Main_EPT\7_D11\7_D11_9;MSH;20.12.2023 14:31
7_D11_10;PMR_ExStream22_Main_EPT;;C43;;;;;Trichoptera;C43_T_mit;453;448;6;1146;53;51946;88;4;0;51950;88;2000;50;100;8;\images\Expo_2000_Ap_8\PMR_ExStream22_Main_EPT\7_D11\7_D11_10;MSH;20.12.2023 14:32
7_D12_1;PMR_ExStream22_Main_EPT;;C43;;1525,88 mg;;;Trichoptera;C43_T_mit;902;883;17;2482;242;163317;2154;98;105;163415;2079;2000;50;100;8;\images\Expo_2000_Ap_8\PMR_ExStream22_Main_EPT\7_D12\7_D12_1;MSH;20.12.2023 14:32
7_D12_2;PMR_ExStream22_Main_EPT;;C43;;;;;Trichoptera;C43_T_mit;912;882;42;2456;199;161199;2959;76;72;161275;3031;2000;50;100;8;\images\Expo_2000_Ap_8\PMR_ExStream22_Main_EPT\7_D12\7_D12_2;MSH;20.12.2023 14:33
7_D12_3;PMR_ExStream22_Main_EPT;;C43;;;;;Trichoptera;C43_T_mit;859;853;9;2296;276;159488;11058;211;133;159699;10925;2000;50;100;8;\images\Expo_2000_Ap_8\PMR_ExStream22_Main_EPT\7_D12\7_D12_3;MSH;20.12.2023 14:33
7_D12_4;PMR_ExStream22_Main_EPT;;C43;;;;;Trichoptera;C43_T_mit;843;843;2147483647;2151;2147483647;154542;2147483647;690;2147483647;155232;2147483647;2000;50;100;8;\images\Expo_2000_Ap_8\PMR_ExStream22_Main_EPT\7_D12\7_D12_4;MSH;20.12.2023 14:34
7_D12_5;PMR_ExStream22_Main_EPT;;C43;;;;;Trichoptera;C43_T_mit;801;801;2147483647;2398;2147483647;156623;2147483647;16;2147483647;156639;2147483647;2000;50;100;8;\images\Expo_2000_Ap_8\PMR_ExStream22_Main_EPT\7_D12\7_D12_5;MSH;20.12.2023 14:34
7_D12_6;PMR_ExStream22_Main_EPT;;C43;;;;;Trichoptera;C43_T_mit;882;850;45;2477;123;155255;8306;34;32;155288;8337;2000;50;100;8;\images\Expo_2000_Ap_8\PMR_ExStream22_Main_EPT\7_D12\7_D12_6;MSH;20.12.2023 14:34
7_D12_7;PMR_ExStream22_Main_EPT;;C43;;;;;Trichoptera;C43_T_mit;867;840;23;2345;78;156988;1993;140;121;157128;1884;2000;50;100;8;\images\Expo_2000_Ap_8\PMR_ExStream22_Main_EPT\7_D12\7_D12_7;MSH;20.12.2023 14:35
7_D12_8;PMR_ExStream22_Main_EPT;;C43;;;;;Trichoptera;C43_T_mit;879;864;26;2265;105;162335;8096;432;284;162767;8380;2000;50;100;8;\images\Expo_2000_Ap_8\PMR_ExStream22_Main_EPT\7_D12\7_D12_8;MSH;20.12.2023 14:35
7_D12_9;PMR_ExStream22_Main_EPT;;C43;;;;;Trichoptera;C43_T_mit;881;850;44;2269;163;161977;3594;101;124;162078;3718;2000;50;100;8;\images\Expo_2000_Ap_8\PMR_ExStream22_Main_EPT\7_D12\7_D12_9;MSH;20.12.2023 14:35
7_D12_10;PMR_ExStream22_Main_EPT;;C43;;;;;Trichoptera;C43_T_mit;905;857;68;2276;59;161726;5648;119;140;161846;5508;2000;50;100;8;\images\Expo_2000_Ap_8\PMR_ExStream22_Main_EPT\7_D12\7_D12_10;MSH;20.12.2023 14:35
7_E1_1;PMR_ExStream22_Main_EPT;;C43;;1509,83 mg;;;Trichoptera;C43_T_mit halb;217;202;11;535;83;15277;4838;18;36;15295;4826;2000;50;100;8;\images\Expo_2000_Ap_8\PMR_ExStream22_Main_EPT\7_E1\7_E1_1;MSH;20.12.2023 14:38
7_E1_2;PMR_ExStream22_Main_EPT;;C43;;;;;Trichoptera;C43_T_mit halb;217;193;20;523;45;15738;2285;4;2;15741;2286;2000;50;100;8;\images\Expo_2000_Ap_8\PMR_ExStream22_Main_EPT\7_E1\7_E1_2;MSH;20.12.2023 14:38
7_E1_3;PMR_ExStream22_Main_EPT;;C43;;;;;Trichoptera;C43_T_mit halb;215;200;17;514;59;14404;2909;3;2;14406;2910;2000;50;100;8;\images\Expo_2000_Ap_8\PMR_ExStream22_Main_EPT\7_E1\7_E1_3;MSH;20.12.2023 14:39
7_E1_4;PMR_ExStream22_Main_EPT;;C43;;;;;Trichoptera;C43_T_mit halb;207;203;6;581;73;17241;5087;4;0;17245;5087;2000;50;100;8;\images\Expo_2000_Ap_8\PMR_ExStream22_Main_EPT\7_E1\7_E1_4;MSH;20.12.2023 14:39
7_E1_5;PMR_ExStream22_Main_EPT;;C43;;;;;Trichoptera;C43_T_mit halb;219;210;7;601;61;18993;3466;5;5;18998;3470;2000;50;100;8;\images\Expo_2000_Ap_8\PMR_ExStream22_Main_EPT\7_E1\7_E1_5;MSH;20.12.2023 14:40
7_E1_6;PMR_ExStream22_Main_EPT;;C43;;;;;Trichoptera;C43_T_mit halb;215;198;19;506;18;13182;945;3;1;13185;945;2000;50;100;8;\images\Expo_2000_Ap_8\PMR_ExStream22_Main_EPT\7_E1\7_E1_6;MSH;20.12.2023 14:40
7_E1_7;PMR_ExStream22_Main_EPT;;C43;;;;;Trichoptera;C43_T_mit halb;212;196;16;522;101;15014;5567;3;3;15017;5566;2000;50;100;8;\images\Expo_2000_Ap_8\PMR_ExStream22_Main_EPT\7_E1\7_E1_7;MSH;20.12.2023 14:40
7_E1_8;PMR_ExStream22_Main_EPT;;C43;;;;;Trichoptera;C43_T_mit halb;209;196;10;515;60;13330;2617;64;167;13394;2645;2000;50;100;8;\images\Expo_2000_Ap_8\PMR_ExStream22_Main_EPT\7_E1\7_E1_8;MSH;20.12.2023 14:40
7_E1_9;PMR_ExStream22_Main_EPT;;C43;;;;;Trichoptera;C43_T_mit halb;201;193;10;585;5;18384;686;6;5;18390;684;2000;50;100;8;\images\Expo_2000_Ap_8\PMR_ExStream22_Main_EPT\7_E1\7_E1_9;MSH;20.12.2023 14:41
7_E2_1;PMR_ExStream22_Main_EPT;;C43;;1532,66 mg;;;Ephemeroptera;C43_E;434;339;58;1028;214;19143;2250;40;15;19183;2255;2000;50;100;8;\images\Expo_2000_Ap_8\PMR_ExStream22_Main_EPT\7_E2\7_E2_1;MSH;20.12.2023 14:42
7_E2_2;PMR_ExStream22_Main_EPT;;C43;;;;;Ephemeroptera;C43_E;478;422;46;1163;78;19987;2071;43;41;20030;2099;2000;50;100;8;\images\Expo_2000_Ap_8\PMR_ExStream22_Main_EPT\7_E2\7_E2_2;MSH;20.12.2023 14:43
7_E3_1;PMR_ExStream22_Main_EPT;;C43;;1525,02 mg;;;Ephemeroptera;C43_E;341;318;11;1224;128;11471;293;207;141;11679;333;2000;50;100;8;\images\Expo_2000_Ap_8\PMR_ExStream22_Main_EPT\7_E3\7_E3_1;MSH;20.12.2023 14:44
7_E3_2;PMR_ExStream22_Main_EPT;;C43;;;;;Ephemeroptera;C43_E;325;283;34;1176;170;9548;1375;95;73;9643;1340;2000;50;100;8;\images\Expo_2000_Ap_8\PMR_ExStream22_Main_EPT\7_E3\7_E3_2;MSH;20.12.2023 14:44
7_E4_1;PMR_ExStream22_Main_EPT;;C43;;1524,14 mg;;;Ephemeroptera;C43_E;203;191;7;634;195;7750;1531;5;5;7755;1534;2000;50;100;8;\images\Expo_2000_Ap_8\PMR_ExStream22_Main_EPT\7_E4\7_E4_1;MSH;20.12.2023 14:45
7_E4_2;PMR_ExStream22_Main_EPT;;C43;;;;;Ephemeroptera;C43_E;267;207;56;641;163;7468;1677;8;14;7476;1675;2000;50;100;8;\images\Expo_2000_Ap_8\PMR_ExStream22_Main_EPT\7_E4\7_E4_2;MSH;20.12.2023 14:46
7_E5_1;PMR_ExStream22_Main_EPT;;C44;;1523,03 mg;;;Ephemeroptera;C44_E;705;579;29;1710;103;36427;2224;163;189;36590;2227;2000;50;100;8;\images\Expo_2000_Ap_8\PMR_ExStream22_Main_EPT\7_E5\7_E5_1;MSH;20.12.2023 14:50
7_E5_2;PMR_ExStream22_Main_EPT;;C44;;;;;Ephemeroptera;C44_E;711;687;18;1885;122;40586;4588;228;154;40814;4704;2000;50;100;8;\images\Expo_2000_Ap_8\PMR_ExStream22_Main_EPT\7_E5\7_E5_2;MSH;20.12.2023 14:51
7_E6_1;PMR_ExStream22_Main_EPT;;C44;;1520,22 mg;;;Ephemeroptera;C44_E;387;339;28;906;64;17030;1629;169;91;17199;1610;2000;50;100;8;\images\Expo_2000_Ap_8\PMR_ExStream22_Main_EPT\7_E6\7_E6_1;MSH;20.12.2023 14:52
7_E6_2;PMR_ExStream22_Main_EPT;;C44;;;;;Ephemeroptera;C44_E;423;349;28;991;91;18600;1044;240;104;18840;1049;2000;50;100;8;\images\Expo_2000_Ap_8\PMR_ExStream22_Main_EPT\7_E6\7_E6_2;MSH;20.12.2023 14:52
7_E7_1;PMR_ExStream22_Main_EPT;;C44;;1523,83 mg;;;Trichoptera;C44_T_ohne;237;219;4;671;59;7519;119;22;33;7541;130;2000;50;100;8;\images\Expo_2000_Ap_8\PMR_ExStream22_Main_EPT\7_E7\7_E7_1;MSH;20.12.2023 14:53
7_E7_2;PMR_ExStream22_Main_EPT;;C44;;;;;Trichoptera;C44_T_ohne;251;242;5;768;127;9144;306;104;84;9248;255;2000;50;100;8;\images\Expo_2000_Ap_8\PMR_ExStream22_Main_EPT\7_E7\7_E7_2;MSH;20.12.2023 14:53
7_E8_1;PMR_ExStream22_Main_EPT;;C44;;1529,56 mg;;;Trichoptera;C44_T_ohne;986;963;20;3982;447;171805;7412;2565;1069;174370;6413;2000;50;100;8;\images\Expo_2000_Ap_8\PMR_ExStream22_Main_EPT\7_E8\7_E8_1;MSH;20.12.2023 14:54
7_E8_2;PMR_ExStream22_Main_EPT;;C44;;;;;Trichoptera;C44_T_ohne;1004;977;32;4291;430;172561;5809;1631;214;174192;5812;2000;50;100;8;\images\Expo_2000_Ap_8\PMR_ExStream22_Main_EPT\7_E8\7_E8_2;MSH;20.12.2023 14:54
7_E8_3;PMR_ExStream22_Main_EPT;;C44;;;;;Trichoptera;C44_T_ohne;1024;1015;14;3606;55;175951;7292;1456;1644;177406;5648;2000;50;100;8;\images\Expo_2000_Ap_8\PMR_ExStream22_Main_EPT\7_E8\7_E8_3;MSH;20.12.2023 14:55
7_E8_4;PMR_ExStream22_Main_EPT;;C44;;;;;Trichoptera;C44_T_ohne;979;978;0;3629;7;168067;337;46;28;168113;365;2000;50;100;8;\images\Expo_2000_Ap_8\PMR_ExStream22_Main_EPT\7_E8\7_E8_4;MSH;20.12.2023 14:55
7_E8_5;PMR_ExStream22_Main_EPT;;C44;;;;;Trichoptera;C44_T_ohne;1027;1010;14;3805;283;174209;5652;441;697;174650;4955;2000;50;100;8;\images\Expo_2000_Ap_8\PMR_ExStream22_Main_EPT\7_E8\7_E8_5;MSH;20.12.2023 14:56
7_E8_6;PMR_ExStream22_Main_EPT;;C44;;;;;Trichoptera;C44_T_ohne;922;908;13;3966;451;165458;608;1232;833;166690;955;2000;50;100;8;\images\Expo_2000_Ap_8\PMR_ExStream22_Main_EPT\7_E8\7_E8_6;MSH;20.12.2023 14:56
7_E8_7;PMR_ExStream22_Main_EPT;;C44;;;;;Trichoptera;C44_T_ohne;975;952;25;4059;531;168371;7732;1404;1255;169775;8946;2000;50;100;8;\images\Expo_2000_Ap_8\PMR_ExStream22_Main_EPT\7_E8\7_E8_7;MSH;20.12.2023 14:57
7_E8_8;PMR_ExStream22_Main_EPT;;C44;;;;;Trichoptera;C44_T_ohne;957;946;7;3766;147;170206;4291;951;949;171157;3419;2000;50;100;8;\images\Expo_2000_Ap_8\PMR_ExStream22_Main_EPT\7_E8\7_E8_8;MSH;20.12.2023 14:57
7_E9_1;PMR_ExStream22_Main_EPT;;C44;;1526,43 mg;;;Trichoptera;C44_T_ohne;916;903;15;3476;320;110662;4023;2029;265;112691;4277;2000;50;100;8;\images\Expo_2000_Ap_8\PMR_ExStream22_Main_EPT\7_E9\7_E9_1;MSH;20.12.2023 14:59
7_E9_2;PMR_ExStream22_Main_EPT;;C44;;;;;Trichoptera;C44_T_ohne;861;847;11;3350;260;103788;6134;840;642;104629;6349;2000;50;100;8;\images\Expo_2000_Ap_8\PMR_ExStream22_Main_EPT\7_E9\7_E9_2;MSH;20.12.2023 15:00
7_E9_3;PMR_ExStream22_Main_EPT;;C44;;;;;Trichoptera;C44_T_ohne;915;900;12;3395;163;109732;2548;859;852;110590;1703;2000;50;100;8;\images\Expo_2000_Ap_8\PMR_ExStream22_Main_EPT\7_E9\7_E9_3;MSH;20.12.2023 15:00
7_E9_4;PMR_ExStream22_Main_EPT;;C44;;;;;Trichoptera;C44_T_ohne;874;874;2147483647;3421;2147483647;102710;2147483647;1327;2147483647;104037;2147483647;2000;50;100;8;\images\Expo_2000_Ap_8\PMR_ExStream22_Main_EPT\7_E9\7_E9_4;MSH;20.12.2023 15:01
7_E9_5;PMR_ExStream22_Main_EPT;;C44;;;;;Trichoptera;C44_T_ohne;894;888;10;3725;84;110302;6990;520;465;110823;6525;2000;50;100;8;\images\Expo_2000_Ap_8\PMR_ExStream22_Main_EPT\7_E9\7_E9_5;MSH;20.12.2023 15:01
7_E9_6;PMR_ExStream22_Main_EPT;;C44;;;;;Trichoptera;C44_T_ohne;887;858;42;3584;559;106084;3919;826;492;106911;3593;2000;50;100;8;\images\Expo_2000_Ap_8\PMR_ExStream22_Main_EPT\7_E9\7_E9_6;MSH;20.12.2023 15:02
7_E9_7;PMR_ExStream22_Main_EPT;;C44;;;;;Trichoptera;C44_T_ohne;884;859;33;3358;183;107190;1566;1095;342;108284;1820;2000;50;100;8;\images\Expo_2000_Ap_8\PMR_ExStream22_Main_EPT\7_E9\7_E9_7;MSH;20.12.2023 15:02
7_E9_8;PMR_ExStream22_Main_EPT;;C44;;;;;Trichoptera;C44_T_ohne;784;769;17;3058;175;99986;1478;597;508;100583;1603;2000;50;100;8;\images\Expo_2000_Ap_8\PMR_ExStream22_Main_EPT\7_E9\7_E9_8;MSH;20.12.2023 15:02
7_E9_9;PMR_ExStream22_Main_EPT;;C44;;;;;Trichoptera;C44_T_ohne;863;812;34;3420;247;104577;1113;1318;395;105895;1289;2000;50;100;8;\images\Expo_2000_Ap_8\PMR_ExStream22_Main_EPT\7_E9\7_E9_9;MSH;20.12.2023 15:03
