individual,Family_DNA,y_pred
10_A10,Leptoceridae,Leptoceridae
10_A11,Goeridae,Goeridae
10_A2,Baetidae,Baetidae
10_A3,Baetidae,Baetidae
10_A4,Ephemeridae,Ephemeridae
10_A5,Ephemeridae,Ephemeridae
10_A6,Limnephilidae,Limnephilidae
10_A7,Limnephilidae,Limnephilidae
10_A8,Goeridae,Goeridae
10_A9,Leptoceridae,Limnephilidae
10_B11,Limnephilidae,Limnephilidae
10_B12,Limnephilidae,Limnephilidae
10_B2,Limnephilidae,Limnephilidae
10_B3,Goeridae,Limnephilidae
10_B5,Limnephilidae,Limnephilidae
10_B6,Limnephilidae,Limnephilidae
10_B7,Limnephilidae,Limnephilidae
10_B8,Limnephilidae,Limnephilidae
10_B9,Limnephilidae,Limnephilidae
10_C10,Baetidae,Baetidae
10_C11,Nemouridae,Nemouridae
10_C2,Goeridae,Goeridae
10_C3,Goeridae,Goeridae
10_C5,Goeridae,Goeridae
10_C6,Baetidae,Baetidae
10_C7,Baetidae,Baetidae
10_C8,Baetidae,Baetidae
10_C9,Baetidae,Baetidae
1_A1,Limnephilidae,Limnephilidae
1_A10,Limnephilidae,Limnephilidae
1_A11,Limnephilidae,Limnephilidae
1_A12,Limnephilidae,Limnephilidae
1_A2,Limnephilidae,Limnephilidae
1_A3,Limnephilidae,Limnephilidae
1_A4,Limnephilidae,Limnephilidae
1_A5,Limnephilidae,Limnephilidae
1_A6,Limnephilidae,Limnephilidae
1_A7,Limnephilidae,Limnephilidae
1_A8,Limnephilidae,Limnephilidae
1_A9,Limnephilidae,Limnephilidae
1_B1,Limnephilidae,Limnephilidae
1_B10,Nemouridae,Nemouridae
1_B11,Limnephilidae,Limnephilidae
1_B12,Limnephilidae,Limnephilidae
1_B2,Limnephilidae,Limnephilidae
1_B3,Limnephilidae,Limnephilidae
1_B4,Limnephilidae,Limnephilidae
1_B5,Limnephilidae,Limnephilidae
1_B6,Goeridae,Goeridae
1_B7,Goeridae,Goeridae
1_B8,Nemouridae,Nemouridae
1_B9,Baetidae,Baetidae
1_C1,Limnephilidae,Limnephilidae
1_C11,Limnephilidae,Limnephilidae
1_C12,Limnephilidae,Limnephilidae
1_C2,Limnephilidae,Limnephilidae
1_C3,Limnephilidae,Limnephilidae
1_C4,Limnephilidae,Limnephilidae
1_C5,Limnephilidae,Limnephilidae
1_C6,Goeridae,Goeridae
1_C7,Goeridae,Goeridae
1_C8,Ephemeridae,Ephemeridae
1_C9,Ephemeridae,Ephemeridae
1_D1,Limnephilidae,Limnephilidae
1_D10,Leptoceridae,Leptoceridae
1_D11,Limnephilidae,Limnephilidae
1_D12,Limnephilidae,Limnephilidae
1_D2,Limnephilidae,Limnephilidae
1_D3,Limnephilidae,Limnephilidae
1_D4,Limnephilidae,Limnephilidae
1_D5,Leptoceridae,Leptoceridae
1_D7,Limnephilidae,Limnephilidae
1_D8,Limnephilidae,Limnephilidae
1_D9,Limnephilidae,Limnephilidae
1_E1,Goeridae,Goeridae
1_E10,Limnephilidae,Limnephilidae
1_E12,Limnephilidae,Limnephilidae
1_E2,Limnephilidae,Limnephilidae
1_E3,Goeridae,Goeridae
1_E4,Goeridae,Goeridae
1_E7,Caenidae,Limnephilidae
1_E8,Limnephilidae,Limnephilidae
1_E9,Limnephilidae,Limnephilidae
1_F1,Limnephilidae,Limnephilidae
1_F10,Leptoceridae,Leptoceridae
1_F11,Goeridae,Goeridae
1_F12,Ephemeridae,Ephemeridae
1_F2,Limnephilidae,Limnephilidae
1_F3,Leptoceridae,Goeridae
1_F4,Limnephilidae,Limnephilidae
1_F5,Limnephilidae,Limnephilidae
1_F6,Limnephilidae,Limnephilidae
1_F7,Limnephilidae,Limnephilidae
1_F8,Limnephilidae,Limnephilidae
1_F9,Limnephilidae,Goeridae
1_G1,Ephemeridae,Ephemeridae
1_G10,Nemouridae,Nemouridae
1_G11,Caenidae,Caenidae
1_G12,Limnephilidae,Limnephilidae
1_G2,Baetidae,Baetidae
1_G3,Baetidae,Baetidae
1_G4,Baetidae,Baetidae
1_G5,Baetidae,Baetidae
1_G6,Baetidae,Baetidae
1_G7,Baetidae,Baetidae
1_G8,Caenidae,Caenidae
1_G9,Leptoceridae,Leptoceridae
1_H1,Limnephilidae,Limnephilidae
1_H10,Ephemeridae,Ephemeridae
1_H11,Ephemeridae,Ephemeridae
1_H12,Ephemeridae,Ephemeridae
1_H2,Limnephilidae,Limnephilidae
1_H3,Goeridae,Goeridae
1_H4,Limnephilidae,Limnephilidae
1_H5,Goeridae,Goeridae
1_H6,Limnephilidae,Limnephilidae
1_H7,Limnephilidae,Limnephilidae
1_H8,Limnephilidae,Limnephilidae
1_H9,Limnephilidae,Limnephilidae
2_A1,Limnephilidae,Limnephilidae
2_A11,Goeridae,Goeridae
2_A12,Limnephilidae,Limnephilidae
2_A2,Limnephilidae,Limnephilidae
2_A4,Limnephilidae,Limnephilidae
2_A5,Limnephilidae,Limnephilidae
2_A6,Goeridae,Goeridae
2_A7,Limnephilidae,Limnephilidae
2_A8,Limnephilidae,Limnephilidae
2_A9,Limnephilidae,Limnephilidae
2_B1,Limnephilidae,Limnephilidae
2_B10,Limnephilidae,Limnephilidae
2_B11,Limnephilidae,Limnephilidae
2_B12,Limnephilidae,Limnephilidae
2_B2,Limnephilidae,Limnephilidae
2_B3,Ephemeridae,Ephemeridae
2_B4,Limnephilidae,Limnephilidae
2_B5,Limnephilidae,Limnephilidae
2_B6,Limnephilidae,Limnephilidae
2_B7,Limnephilidae,Limnephilidae
2_B8,Limnephilidae,Limnephilidae
2_B9,Limnephilidae,Limnephilidae
2_C1,Limnephilidae,Limnephilidae
2_C10,Limnephilidae,Limnephilidae
2_C11,Limnephilidae,Limnephilidae
2_C12,Limnephilidae,Limnephilidae
2_C2,Limnephilidae,Limnephilidae
2_C3,Limnephilidae,Limnephilidae
2_C4,Limnephilidae,Limnephilidae
2_C5,Limnephilidae,Limnephilidae
2_C6,Ephemeridae,Baetidae
2_C7,Limnephilidae,Limnephilidae
2_C8,Limnephilidae,Limnephilidae
2_C9,Limnephilidae,Limnephilidae
2_D1,Leptoceridae,Limnephilidae
2_D10,Leptoceridae,Leptoceridae
2_D11,Goeridae,Goeridae
2_D12,Leptoceridae,Leptoceridae
2_D2,Ephemeridae,Ephemeridae
2_D4,Limnephilidae,Limnephilidae
2_D5,Limnephilidae,Limnephilidae
2_D7,Limnephilidae,Limnephilidae
2_D8,Limnephilidae,Limnephilidae
2_D9,Limnephilidae,Limnephilidae
2_E1,Limnephilidae,Limnephilidae
2_E10,Ephemeridae,Ephemeridae
2_E11,Ephemeridae,Ephemeridae
2_E12,Ephemeridae,Ephemeridae
2_E2,Limnephilidae,Limnephilidae
2_E5,Goeridae,Goeridae
2_E6,Goeridae,Goeridae
2_E8,Goeridae,Goeridae
2_E9,Baetidae,Baetidae
2_F1,Ephemeridae,Ephemeridae
2_F10,Ephemeridae,Ephemeridae
2_F11,Ephemeridae,Ephemeridae
2_F12,Limnephilidae,Limnephilidae
2_F2,Limnephilidae,Limnephilidae
2_F3,Limnephilidae,Limnephilidae
2_F4,Limnephilidae,Limnephilidae
2_F5,Limnephilidae,Limnephilidae
2_F7,Nemouridae,Nemouridae
2_F8,Ephemeridae,Ephemeridae
2_F9,Ephemeridae,Ephemeridae
2_G1,Limnephilidae,Limnephilidae
2_G12,Limnephilidae,Limnephilidae
2_G2,Limnephilidae,Limnephilidae
2_G3,Limnephilidae,Limnephilidae
2_G5,Goeridae,Goeridae
2_G6,Limnephilidae,Limnephilidae
2_G7,Goeridae,Goeridae
2_G9,Baetidae,Baetidae
2_H1,Leptoceridae,Leptoceridae
2_H11,Limnephilidae,Limnephilidae
2_H12,Limnephilidae,Limnephilidae
2_H2,Leptoceridae,Leptoceridae
2_H3,Limnephilidae,Limnephilidae
2_H4,Limnephilidae,Limnephilidae
2_H5,Limnephilidae,Limnephilidae
2_H6,Goeridae,Goeridae
2_H8,Ephemeridae,Ephemeridae
2_H9,Ephemeridae,Ephemeridae
3_A1,Limnephilidae,Limnephilidae
3_A10,Goeridae,Goeridae
3_A11,Goeridae,Goeridae
3_A12,Ephemeridae,Ephemeridae
3_A2,Limnephilidae,Limnephilidae
3_A4,Limnephilidae,Limnephilidae
3_A5,Limnephilidae,Limnephilidae
3_A6,Limnephilidae,Limnephilidae
3_A8,Goeridae,Goeridae
3_A9,Goeridae,Goeridae
3_B1,Ephemeridae,Ephemeridae
3_B10,Limnephilidae,Limnephilidae
3_B11,Limnephilidae,Limnephilidae
3_B3,Caenidae,Caenidae
3_B4,Limnephilidae,Limnephilidae
3_B5,Limnephilidae,Limnephilidae
3_B6,Limnephilidae,Limnephilidae
3_B7,Limnephilidae,Limnephilidae
3_B8,Limnephilidae,Limnephilidae
3_B9,Limnephilidae,Limnephilidae
3_C1,Limnephilidae,Limnephilidae
3_C10,Limnephilidae,Limnephilidae
3_C11,Goeridae,Leptoceridae
3_C12,Limnephilidae,Limnephilidae
3_C4,Ephemeridae,Ephemeridae
3_C5,Caenidae,Caenidae
3_C6,Limnephilidae,Limnephilidae
3_C7,Limnephilidae,Limnephilidae
3_C8,Limnephilidae,Limnephilidae
3_C9,Limnephilidae,Limnephilidae
3_D1,Leptoceridae,Leptoceridae
3_D10,Limnephilidae,Limnephilidae
3_D11,Goeridae,Goeridae
3_D12,Limnephilidae,Limnephilidae
3_D3,Goeridae,Goeridae
3_D4,Goeridae,Goeridae
3_D5,Ephemeridae,Ephemeridae
3_D7,Caenidae,Caenidae
3_D8,Ephemeridae,Ephemeridae
3_D9,Limnephilidae,Limnephilidae
3_E1,Limnephilidae,Limnephilidae
3_E10,Limnephilidae,Limnephilidae
3_E11,Limnephilidae,Limnephilidae
3_E12,Limnephilidae,Limnephilidae
3_E2,Limnephilidae,Limnephilidae
3_E4,Goeridae,Goeridae
3_E5,Baetidae,Baetidae
3_E6,Caenidae,Caenidae
3_E7,Caenidae,Caenidae
3_E8,Limnephilidae,Limnephilidae
3_E9,Limnephilidae,Limnephilidae
3_F1,Limnephilidae,Limnephilidae
3_F12,Limnephilidae,Limnephilidae
3_F2,Limnephilidae,Limnephilidae
3_F3,Limnephilidae,Limnephilidae
3_F5,Limnephilidae,Limnephilidae
3_F6,Limnephilidae,Limnephilidae
3_F7,Nemouridae,Nemouridae
3_F8,Nemouridae,Nemouridae
3_F9,Baetidae,Baetidae
3_G1,Limnephilidae,Limnephilidae
3_G10,Limnephilidae,Limnephilidae
3_G12,Goeridae,Goeridae
3_G3,Limnephilidae,Limnephilidae
3_G4,Limnephilidae,Limnephilidae
3_G5,Limnephilidae,Limnephilidae
3_G6,Leptoceridae,Leptoceridae
3_G7,Limnephilidae,Limnephilidae
3_G8,Limnephilidae,Limnephilidae
3_G9,Limnephilidae,Limnephilidae
3_H10,Goeridae,Goeridae
3_H12,Limnephilidae,Limnephilidae
3_H2,Ephemeridae,Ephemeridae
3_H4,Baetidae,Baetidae
3_H5,Nemouridae,Nemouridae
3_H6,Limnephilidae,Limnephilidae
3_H7,Limnephilidae,Limnephilidae
3_H8,Limnephilidae,Limnephilidae
3_H9,Limnephilidae,Limnephilidae
4_A1,Limnephilidae,Limnephilidae
4_A10,Limnephilidae,Limnephilidae
4_A11,Limnephilidae,Limnephilidae
4_A12,Goeridae,Goeridae
4_A2,Limnephilidae,Limnephilidae
4_A3,Ephemeridae,Ephemeridae
4_A4,Baetidae,Baetidae
4_A5,Caenidae,Baetidae
4_A6,Limnephilidae,Limnephilidae
4_A7,Limnephilidae,Limnephilidae
4_A8,Limnephilidae,Limnephilidae
4_A9,Limnephilidae,Limnephilidae
4_B1,Goeridae,Goeridae
4_B10,Baetidae,Baetidae
4_B11,Limnephilidae,Limnephilidae
4_B12,Limnephilidae,Limnephilidae
4_B2,Goeridae,Goeridae
4_B3,Goeridae,Goeridae
4_B4,Goeridae,Goeridae
4_B5,Goeridae,Goeridae
4_B6,Goeridae,Goeridae
4_B7,Goeridae,Goeridae
4_B8,Goeridae,Goeridae
4_B9,Ephemeridae,Ephemeridae
4_C1,Limnephilidae,Limnephilidae
4_C12,Limnephilidae,Limnephilidae
4_C2,Limnephilidae,Limnephilidae
4_C3,Leptoceridae,Caenidae
4_C4,Limnephilidae,Limnephilidae
4_C5,Limnephilidae,Limnephilidae
4_C7,Limnephilidae,Limnephilidae
4_C8,Goeridae,Limnephilidae
4_D1,Ephemeridae,Ephemeridae
4_D10,Limnephilidae,Limnephilidae
4_D11,Limnephilidae,Limnephilidae
4_D12,Limnephilidae,Limnephilidae
4_D2,Limnephilidae,Limnephilidae
4_D3,Limnephilidae,Limnephilidae
4_D4,Limnephilidae,Limnephilidae
4_D9,Baetidae,Baetidae
4_E1,Goeridae,Limnephilidae
4_E10,Limnephilidae,Limnephilidae
4_E11,Limnephilidae,Limnephilidae
4_E12,Limnephilidae,Limnephilidae
4_E2,Limnephilidae,Goeridae
4_E4,Leptoceridae,Leptoceridae
4_E5,Goeridae,Goeridae
4_E6,Goeridae,Goeridae
4_E8,Ephemeridae,Ephemeridae
4_E9,Ephemeridae,Ephemeridae
4_F1,Limnephilidae,Limnephilidae
4_F10,Nemouridae,Nemouridae
4_F12,Goeridae,Goeridae
4_F2,Limnephilidae,Limnephilidae
4_F3,Limnephilidae,Limnephilidae
4_F6,Limnephilidae,Limnephilidae
4_F7,Leptoceridae,Leptoceridae
4_G10,Limnephilidae,Limnephilidae
4_G11,Goeridae,Goeridae
4_G12,Limnephilidae,Limnephilidae
4_G3,Limnephilidae,Limnephilidae
4_G4,Baetidae,Baetidae
4_G5,Baetidae,Baetidae
4_G6,Caenidae,Caenidae
4_G8,Caenidae,Caenidae
4_G9,Caenidae,Caenidae
4_H1,Limnephilidae,Limnephilidae
4_H10,Goeridae,Goeridae
4_H11,Baetidae,Baetidae
4_H12,Caenidae,Caenidae
4_H2,Limnephilidae,Limnephilidae
4_H3,Limnephilidae,Limnephilidae
4_H4,Limnephilidae,Limnephilidae
4_H5,Limnephilidae,Limnephilidae
4_H6,Limnephilidae,Limnephilidae
4_H7,Limnephilidae,Limnephilidae
4_H8,Limnephilidae,Limnephilidae
5_A1,Nemouridae,Nemouridae
5_A10,Caenidae,Caenidae
5_A11,Baetidae,Baetidae
5_A12,Baetidae,Baetidae
5_A2,Limnephilidae,Limnephilidae
5_A3,Limnephilidae,Limnephilidae
5_A4,Limnephilidae,Limnephilidae
5_A6,Limnephilidae,Limnephilidae
5_A7,Limnephilidae,Limnephilidae
5_A8,Limnephilidae,Limnephilidae
5_B1,Caenidae,Caenidae
5_B11,Limnephilidae,Limnephilidae
5_B2,Ephemeridae,Ephemeridae
5_B4,Limnephilidae,Limnephilidae
5_B5,Limnephilidae,Goeridae
5_B6,Limnephilidae,Limnephilidae
5_B7,Limnephilidae,Limnephilidae
5_B8,Leptoceridae,Limnephilidae
5_B9,Goeridae,Goeridae
5_C10,Limnephilidae,Limnephilidae
5_C11,Leptoceridae,Leptoceridae
5_C12,Leptoceridae,Leptoceridae
5_C3,Limnephilidae,Limnephilidae
5_C4,Limnephilidae,Limnephilidae
5_C5,Limnephilidae,Limnephilidae
5_C7,Limnephilidae,Limnephilidae
5_C8,Limnephilidae,Limnephilidae
5_C9,Limnephilidae,Limnephilidae
5_D1,Leptoceridae,Leptoceridae
5_D10,Limnephilidae,Limnephilidae
5_D11,Limnephilidae,Limnephilidae
5_D12,Limnephilidae,Limnephilidae
5_D2,Limnephilidae,Limnephilidae
5_D3,Limnephilidae,Goeridae
5_D4,Limnephilidae,Goeridae
5_D5,Ephemeridae,Ephemeridae
5_D7,Ephemeridae,Ephemeridae
5_D8,Limnephilidae,Limnephilidae
5_D9,Limnephilidae,Limnephilidae
5_E1,Limnephilidae,Limnephilidae
5_E10,Ephemeridae,Ephemeridae
5_E11,Ephemeridae,Ephemeridae
5_E12,Baetidae,Baetidae
5_E3,Limnephilidae,Limnephilidae
5_E4,Limnephilidae,Limnephilidae
5_E5,Goeridae,Limnephilidae
5_E6,Limnephilidae,Limnephilidae
5_E7,Goeridae,Goeridae
5_E8,Ephemeridae,Caenidae
5_E9,Ephemeridae,Ephemeridae
5_F1,Leptoceridae,Limnephilidae
5_F10,Goeridae,Goeridae
5_F11,Goeridae,Goeridae
5_F12,Limnephilidae,Limnephilidae
5_F2,Limnephilidae,Limnephilidae
5_F3,Limnephilidae,Limnephilidae
5_F4,Limnephilidae,Limnephilidae
5_F5,Limnephilidae,Limnephilidae
5_F6,Leptoceridae,Leptoceridae
5_F7,Limnephilidae,Limnephilidae
5_F8,Leptoceridae,Limnephilidae
5_G1,Limnephilidae,Limnephilidae
5_G10,Limnephilidae,Limnephilidae
5_G11,Limnephilidae,Limnephilidae
5_G12,Limnephilidae,Limnephilidae
5_G3,Limnephilidae,Limnephilidae
5_G4,Limnephilidae,Limnephilidae
5_G5,Limnephilidae,Limnephilidae
5_G6,Limnephilidae,Limnephilidae
5_G7,Limnephilidae,Limnephilidae
5_G9,Limnephilidae,Limnephilidae
5_H10,Caenidae,Caenidae
5_H11,Caenidae,Caenidae
5_H2,Limnephilidae,Limnephilidae
5_H3,Limnephilidae,Limnephilidae
5_H4,Limnephilidae,Limnephilidae
5_H5,Goeridae,Goeridae
5_H6,Goeridae,Goeridae
5_H7,Ephemeridae,Ephemeridae
5_H8,Ephemeridae,Ephemeridae
5_H9,Ephemeridae,Ephemeridae
6_A1,Limnephilidae,Limnephilidae
6_A12,Baetidae,Leptoceridae
6_A2,Leptoceridae,Baetidae
6_A3,Limnephilidae,Limnephilidae
6_A4,Limnephilidae,Limnephilidae
6_A6,Leptoceridae,Leptoceridae
6_A7,Goeridae,Goeridae
6_A8,Goeridae,Goeridae
6_B1,Limnephilidae,Limnephilidae
6_B10,Ephemeridae,Ephemeridae
6_B11,Limnephilidae,Limnephilidae
6_B12,Limnephilidae,Limnephilidae
6_B2,Limnephilidae,Limnephilidae
6_B4,Limnephilidae,Limnephilidae
6_B5,Goeridae,Goeridae
6_B6,Leptoceridae,Leptoceridae
6_B7,Limnephilidae,Limnephilidae
6_B9,Goeridae,Goeridae
6_C10,Baetidae,Baetidae
6_C11,Baetidae,Baetidae
6_C12,Baetidae,Baetidae
6_C2,Limnephilidae,Limnephilidae
6_C3,Goeridae,Goeridae
6_C4,Limnephilidae,Limnephilidae
6_C5,Limnephilidae,Limnephilidae
6_C7,Leptoceridae,Leptoceridae
6_C8,Goeridae,Goeridae
6_C9,Ephemeridae,Ephemeridae
6_D1,Caenidae,Caenidae
6_D10,Limnephilidae,Limnephilidae
6_D11,Ephemeridae,Ephemeridae
6_D12,Limnephilidae,Limnephilidae
6_D2,Baetidae,Baetidae
6_D3,Leptoceridae,Leptoceridae
6_D4,Limnephilidae,Limnephilidae
6_D5,Limnephilidae,Limnephilidae
6_D7,Limnephilidae,Limnephilidae
6_D8,Limnephilidae,Limnephilidae
6_E1,Goeridae,Goeridae
6_E10,Baetidae,Limnephilidae
6_E11,Baetidae,Leptoceridae
6_E12,Ephemeridae,Ephemeridae
6_E2,Limnephilidae,Limnephilidae
6_E3,Limnephilidae,Limnephilidae
6_E6,Limnephilidae,Limnephilidae
6_E7,Limnephilidae,Limnephilidae
6_E8,Limnephilidae,Limnephilidae
6_E9,Nemouridae,Nemouridae
6_F1,Limnephilidae,Caenidae
6_F11,Limnephilidae,Limnephilidae
6_F12,Limnephilidae,Limnephilidae
6_F2,Limnephilidae,Limnephilidae
6_F4,Goeridae,Goeridae
6_F5,Limnephilidae,Limnephilidae
6_F6,Leptoceridae,Limnephilidae
6_F8,Limnephilidae,Limnephilidae
6_F9,Limnephilidae,Limnephilidae
6_G10,Ephemeridae,Ephemeridae
6_G11,Limnephilidae,Limnephilidae
6_G12,Limnephilidae,Limnephilidae
6_G5,Limnephilidae,Limnephilidae
6_G6,Goeridae,Goeridae
6_G7,Goeridae,Goeridae
6_G8,Ephemeridae,Ephemeridae
6_G9,Baetidae,Baetidae
6_H1,Ephemeridae,Ephemeridae
6_H10,Nemouridae,Nemouridae
6_H11,Goeridae,Goeridae
6_H2,Limnephilidae,Limnephilidae
6_H3,Limnephilidae,Limnephilidae
6_H4,Limnephilidae,Limnephilidae
6_H5,Limnephilidae,Limnephilidae
6_H7,Goeridae,Goeridae
6_H8,Baetidae,Baetidae
6_H9,Baetidae,Baetidae
7_A10,Limnephilidae,Limnephilidae
7_A11,Limnephilidae,Limnephilidae
7_A12,Limnephilidae,Limnephilidae
7_A2,Leptoceridae,Leptoceridae
7_A5,Goeridae,Goeridae
7_A6,Ephemeridae,Ephemeridae
7_A7,Limnephilidae,Limnephilidae
7_A8,Limnephilidae,Limnephilidae
7_A9,Limnephilidae,Limnephilidae
7_B1,Limnephilidae,Limnephilidae
7_B10,Baetidae,Baetidae
7_B11,Caenidae,Caenidae
7_B12,Limnephilidae,Limnephilidae
7_B2,Limnephilidae,Limnephilidae
7_B3,Leptoceridae,Leptoceridae
7_B4,Limnephilidae,Limnephilidae
7_B5,Limnephilidae,Limnephilidae
7_B6,Limnephilidae,Limnephilidae
7_B7,Goeridae,Goeridae
7_B8,Ephemeridae,Ephemeridae
7_B9,Ephemeridae,Ephemeridae
7_C1,Goeridae,Limnephilidae
7_C10,Nemouridae,Nemouridae
7_C11,Limnephilidae,Limnephilidae
7_C12,Limnephilidae,Limnephilidae
7_C3,Goeridae,Goeridae
7_C4,Goeridae,Goeridae
7_C5,Goeridae,Goeridae
7_C6,Goeridae,Goeridae
7_C7,Goeridae,Goeridae
7_C8,Baetidae,Baetidae
7_C9,Baetidae,Baetidae
7_D1,Limnephilidae,Limnephilidae
7_D10,Goeridae,Goeridae
7_D11,Goeridae,Goeridae
7_D12,Limnephilidae,Limnephilidae
7_D2,Limnephilidae,Limnephilidae
7_D3,Limnephilidae,Limnephilidae
7_D4,Limnephilidae,Limnephilidae
7_D7,Goeridae,Goeridae
7_D8,Goeridae,Goeridae
7_D9,Goeridae,Leptoceridae
7_E1,Goeridae,Goeridae
7_E10,Limnephilidae,Limnephilidae
7_E11,Limnephilidae,Limnephilidae
7_E3,Baetidae,Baetidae
7_E4,Baetidae,Baetidae
7_E5,Ephemeridae,Ephemeridae
7_E6,Ephemeridae,Ephemeridae
7_E7,Limnephilidae,Limnephilidae
7_E8,Limnephilidae,Limnephilidae
7_E9,Limnephilidae,Limnephilidae
7_F1,Goeridae,Goeridae
7_F2,Goeridae,Limnephilidae
7_F3,Limnephilidae,Limnephilidae
7_F4,Limnephilidae,Limnephilidae
7_F5,Limnephilidae,Limnephilidae
7_F7,Goeridae,Goeridae
7_F8,Limnephilidae,Limnephilidae
7_G10,Goeridae,Goeridae
7_G11,Limnephilidae,Limnephilidae
7_G12,Limnephilidae,Limnephilidae
7_G3,Goeridae,Goeridae
7_G4,Ephemeridae,Ephemeridae
7_G5,Ephemeridae,Ephemeridae
7_G6,Baetidae,Baetidae
7_G7,Limnephilidae,Limnephilidae
7_G8,Limnephilidae,Limnephilidae
7_G9,Leptoceridae,Limnephilidae
7_H1,Limnephilidae,Limnephilidae
7_H10,Ephemeridae,Ephemeridae
7_H11,Nemouridae,Nemouridae
7_H12,Limnephilidae,Limnephilidae
7_H2,Limnephilidae,Limnephilidae
7_H3,Limnephilidae,Limnephilidae
7_H4,Limnephilidae,Limnephilidae
7_H6,Goeridae,Goeridae
7_H7,Goeridae,Goeridae
7_H8,Baetidae,Baetidae
8_A1,Goeridae,Goeridae
8_A10,Limnephilidae,Limnephilidae
8_A2,Limnephilidae,Limnephilidae
8_A3,Limnephilidae,Limnephilidae
8_A4,Goeridae,Limnephilidae
8_A5,Limnephilidae,Limnephilidae
8_A6,Limnephilidae,Limnephilidae
8_A7,Limnephilidae,Goeridae
8_A9,Limnephilidae,Limnephilidae
8_B10,Leptoceridae,Leptoceridae
8_B12,Ephemeridae,Ephemeridae
8_B5,Ephemeridae,Ephemeridae
8_B6,Ephemeridae,Ephemeridae
8_B7,Nemouridae,Nemouridae
8_C1,Baetidae,Baetidae
8_C10,Limnephilidae,Limnephilidae
8_C11,Leptoceridae,Leptoceridae
8_C12,Goeridae,Goeridae
8_C2,Leptoceridae,Leptoceridae
8_C3,Limnephilidae,Limnephilidae
8_C4,Limnephilidae,Limnephilidae
8_C5,Limnephilidae,Limnephilidae
8_C6,Limnephilidae,Limnephilidae
8_C7,Limnephilidae,Limnephilidae
8_C8,Limnephilidae,Limnephilidae
8_C9,Limnephilidae,Limnephilidae
8_D1,Limnephilidae,Limnephilidae
8_D10,Limnephilidae,Limnephilidae
8_D11,Limnephilidae,Limnephilidae
8_D2,Limnephilidae,Limnephilidae
8_D3,Limnephilidae,Limnephilidae
8_D4,Limnephilidae,Limnephilidae
8_D5,Limnephilidae,Goeridae
8_D7,Nemouridae,Nemouridae
8_D8,Nemouridae,Nemouridae
8_D9,Limnephilidae,Limnephilidae
8_E10,Limnephilidae,Limnephilidae
8_E11,Limnephilidae,Limnephilidae
8_E12,Baetidae,Baetidae
8_E2,Limnephilidae,Limnephilidae
8_E3,Goeridae,Goeridae
8_E4,Limnephilidae,Goeridae
8_E5,Goeridae,Goeridae
8_E7,Goeridae,Goeridae
8_F1,Baetidae,Baetidae
8_F10,Leptoceridae,Leptoceridae
8_F11,Goeridae,Goeridae
8_F12,Limnephilidae,Limnephilidae
8_F2,Ephemeridae,Ephemeridae
8_F3,Ephemeridae,Ephemeridae
8_F4,Limnephilidae,Limnephilidae
8_F5,Leptoceridae,Limnephilidae
8_F6,Limnephilidae,Limnephilidae
8_F7,Limnephilidae,Leptoceridae
8_F9,Leptoceridae,Leptoceridae
8_G11,Limnephilidae,Limnephilidae
8_G2,Baetidae,Baetidae
8_G3,Baetidae,Baetidae
8_G4,Ephemeridae,Ephemeridae
8_G5,Ephemeridae,Ephemeridae
8_G6,Ephemeridae,Ephemeridae
8_G8,Caenidae,Caenidae
8_G9,Caenidae,Caenidae
8_H1,Goeridae,Goeridae
8_H10,Leptoceridae,Leptoceridae
8_H11,Limnephilidae,Limnephilidae
8_H12,Limnephilidae,Limnephilidae
8_H2,Goeridae,Goeridae
8_H4,Baetidae,Baetidae
8_H5,Limnephilidae,Limnephilidae
8_H6,Leptoceridae,Leptoceridae
8_H7,Goeridae,Goeridae
8_H8,Limnephilidae,Limnephilidae
9_A1,Goeridae,Goeridae
9_A10,Goeridae,Goeridae
9_A11,Goeridae,Goeridae
9_A12,Goeridae,Goeridae
9_A2,Limnephilidae,Limnephilidae
9_A3,Limnephilidae,Limnephilidae
9_A4,Limnephilidae,Limnephilidae
9_A5,Limnephilidae,Limnephilidae
9_A6,Ephemeridae,Ephemeridae
9_A7,Nemouridae,Nemouridae
9_A8,Limnephilidae,Limnephilidae
9_A9,Limnephilidae,Limnephilidae
9_B1,Goeridae,Goeridae
9_B11,Goeridae,Goeridae
9_B12,Goeridae,Goeridae
9_B2,Ephemeridae,Ephemeridae
9_B3,Ephemeridae,Ephemeridae
9_B4,Ephemeridae,Ephemeridae
9_B5,Ephemeridae,Ephemeridae
9_B6,Limnephilidae,Limnephilidae
9_B7,Limnephilidae,Limnephilidae
9_B8,Limnephilidae,Limnephilidae
9_B9,Limnephilidae,Limnephilidae
9_C1,Goeridae,Goeridae
9_C10,Leptoceridae,Leptoceridae
9_C11,Limnephilidae,Limnephilidae
9_C12,Goeridae,Goeridae
9_C2,Limnephilidae,Limnephilidae
9_C4,Limnephilidae,Limnephilidae
9_C5,Limnephilidae,Limnephilidae
9_C7,Limnephilidae,Limnephilidae
9_C8,Limnephilidae,Limnephilidae
9_C9,Limnephilidae,Limnephilidae
9_D10,Limnephilidae,Limnephilidae
9_D12,Limnephilidae,Limnephilidae
9_D2,Limnephilidae,Limnephilidae
9_D3,Limnephilidae,Limnephilidae
9_D4,Goeridae,Goeridae
9_D5,Goeridae,Goeridae
9_D7,Ephemeridae,Ephemeridae
9_D8,Baetidae,Baetidae
9_D9,Limnephilidae,Limnephilidae
9_E1,Limnephilidae,Limnephilidae
9_E10,Limnephilidae,Limnephilidae
9_E12,Goeridae,Goeridae
9_E2,Leptoceridae,Leptoceridae
9_E4,Leptoceridae,Leptoceridae
9_E7,Ephemeridae,Ephemeridae
9_E8,Ephemeridae,Ephemeridae
9_E9,Limnephilidae,Limnephilidae
9_F10,Limnephilidae,Limnephilidae
9_F11,Limnephilidae,Limnephilidae
9_F2,Baetidae,Baetidae
9_F3,Ephemeridae,Ephemeridae
9_F4,Baetidae,Baetidae
9_F5,Ephemeridae,Ephemeridae
9_F6,Ephemeridae,Ephemeridae
9_F7,Baetidae,Baetidae
9_F9,Limnephilidae,Limnephilidae
9_G1,Limnephilidae,Baetidae
9_G10,Limnephilidae,Limnephilidae
9_G11,Limnephilidae,Limnephilidae
9_G12,Limnephilidae,Limnephilidae
9_G4,Goeridae,Goeridae
9_G5,Goeridae,Goeridae
9_G6,Goeridae,Goeridae
9_G8,Ephemeridae,Ephemeridae
9_G9,Nemouridae,Nemouridae
9_H11,Limnephilidae,Limnephilidae
9_H12,Baetidae,Baetidae
9_H2,Goeridae,Goeridae
9_H3,Limnephilidae,Limnephilidae
9_H4,Limnephilidae,Limnephilidae
9_H5,Goeridae,Goeridae
9_H6,Leptoceridae,Leptoceridae
9_H7,Limnephilidae,Limnephilidae
9_H8,Limnephilidae,Limnephilidae
9_H9,Limnephilidae,Limnephilidae
